// AUTO-GENERATED by train_cnn.py -- do not edit
// 22520 bytes
#include "model_data.h"

alignas(16) const unsigned char g_wand_model[] = {
  0x20, 0x00, 0x00, 0x00, 0x54, 0x46, 0x4c, 0x33, 0x00, 0x00, 0x00, 0x00,
  0x14, 0x00, 0x20, 0x00, 0x1c, 0x00, 0x18, 0x00, 0x14, 0x00, 0x10, 0x00,
  0x0c, 0x00, 0x00, 0x00, 0x08, 0x00, 0x04, 0x00, 0x14, 0x00, 0x00, 0x00,
  0x1c, 0x00, 0x00, 0x00, 0x84, 0x00, 0x00, 0x00, 0xdc, 0x00, 0x00, 0x00,
  0xec, 0x20, 0x00, 0x00, 0xfc, 0x20, 0x00, 0x00, 0xf0, 0x56, 0x00, 0x00,
  0x03, 0x00, 0x00, 0x00, 0x01, 0x00, 0x00, 0x00, 0x04, 0x00, 0x00, 0x00,
  0xf6, 0xd9, 0xff, 0xff, 0x0c, 0x00, 0x00, 0x00, 0x1c, 0x00, 0x00, 0x00,
  0x3c, 0x00, 0x00, 0x00, 0x0f, 0x00, 0x00, 0x00, 0x73, 0x65, 0x72, 0x76,
  0x69, 0x6e, 0x67, 0x5f, 0x64, 0x65, 0x66, 0x61, 0x75, 0x6c, 0x74, 0x00,
  0x01, 0x00, 0x00, 0x00, 0x04, 0x00, 0x00, 0x00, 0x98, 0xff, 0xff, 0xff,
  0x2f, 0x00, 0x00, 0x00, 0x04, 0x00, 0x00, 0x00, 0x08, 0x00, 0x00, 0x00,
  0x6f, 0x75, 0x74, 0x70, 0x75, 0x74, 0x5f, 0x30, 0x00, 0x00, 0x00, 0x00,
  0x01, 0x00, 0x00, 0x00, 0x04, 0x00, 0x00, 0x00, 0xee, 0xdd, 0xff, 0xff,
  0x04, 0x00, 0x00, 0x00, 0x07, 0x00, 0x00, 0x00, 0x67, 0x65, 0x73, 0x74,
  0x75, 0x72, 0x65, 0x00, 0x02, 0x00, 0x00, 0x00, 0x34, 0x00, 0x00, 0x00,
  0x04, 0x00, 0x00, 0x00, 0xdc, 0xff, 0xff, 0xff, 0x32, 0x00, 0x00, 0x00,
  0x04, 0x00, 0x00, 0x00, 0x13, 0x00, 0x00, 0x00, 0x43, 0x4f, 0x4e, 0x56,
  0x45, 0x52, 0x53, 0x49, 0x4f, 0x4e, 0x5f, 0x4d, 0x45, 0x54, 0x41, 0x44,
  0x41, 0x54, 0x41, 0x00, 0x08, 0x00, 0x0c, 0x00, 0x08, 0x00, 0x04, 0x00,
  0x08, 0x00, 0x00, 0x00, 0x31, 0x00, 0x00, 0x00, 0x04, 0x00, 0x00, 0x00,
  0x13, 0x00, 0x00, 0x00, 0x6d, 0x69, 0x6e, 0x5f, 0x72, 0x75, 0x6e, 0x74,
  0x69, 0x6d, 0x65, 0x5f, 0x76, 0x65, 0x72, 0x73, 0x69, 0x6f, 0x6e, 0x00,
  0x33, 0x00, 0x00, 0x00, 0x0c, 0x20, 0x00, 0x00, 0x04, 0x20, 0x00, 0x00,
  0xf0, 0x1f, 0x00, 0x00, 0xd4, 0x1f, 0x00, 0x00, 0xc0, 0x1f, 0x00, 0x00,
  0xa4, 0x1f, 0x00, 0x00, 0x88, 0x1f, 0x00, 0x00, 0x6c, 0x1f, 0x00, 0x00,
  0x58, 0x1f, 0x00, 0x00, 0x50, 0x1f, 0x00, 0x00, 0x3c, 0x1f, 0x00, 0x00,
  0x14, 0x1f, 0x00, 0x00, 0xa4, 0x1e, 0x00, 0x00, 0x54, 0x1e, 0x00, 0x00,
  0x44, 0x0e, 0x00, 0x00, 0xb4, 0x0d, 0x00, 0x00, 0xa4, 0x09, 0x00, 0x00,
  0x14, 0x09, 0x00, 0x00, 0xa4, 0x08, 0x00, 0x00, 0x14, 0x08, 0x00, 0x00,
  0x04, 0x06, 0x00, 0x00, 0xb4, 0x05, 0x00, 0x00, 0x74, 0x05, 0x00, 0x00,
  0x24, 0x05, 0x00, 0x00, 0x54, 0x01, 0x00, 0x00, 0x4c, 0x01, 0x00, 0x00,
  0x44, 0x01, 0x00, 0x00, 0x3c, 0x01, 0x00, 0x00, 0x34, 0x01, 0x00, 0x00,
  0x2c, 0x01, 0x00, 0x00, 0x24, 0x01, 0x00, 0x00, 0x1c, 0x01, 0x00, 0x00,
  0x14, 0x01, 0x00, 0x00, 0x0c, 0x01, 0x00, 0x00, 0x04, 0x01, 0x00, 0x00,
  0xfc, 0x00, 0x00, 0x00, 0xf4, 0x00, 0x00, 0x00, 0xec, 0x00, 0x00, 0x00,
  0xe4, 0x00, 0x00, 0x00, 0xdc, 0x00, 0x00, 0x00, 0xd4, 0x00, 0x00, 0x00,
  0xcc, 0x00, 0x00, 0x00, 0xc4, 0x00, 0x00, 0x00, 0xbc, 0x00, 0x00, 0x00,
  0xb4, 0x00, 0x00, 0x00, 0xac, 0x00, 0x00, 0x00, 0xa4, 0x00, 0x00, 0x00,
  0x9c, 0x00, 0x00, 0x00, 0x94, 0x00, 0x00, 0x00, 0x74, 0x00, 0x00, 0x00,
  0x04, 0x00, 0x00, 0x00, 0x2e, 0xdf, 0xff, 0xff, 0x04, 0x00, 0x00, 0x00,
  0x60, 0x00, 0x00, 0x00, 0x0c, 0x00, 0x00, 0x00, 0x08, 0x00, 0x0e, 0x00,
  0x08, 0x00, 0x04, 0x00, 0x08, 0x00, 0x00, 0x00, 0x10, 0x00, 0x00, 0x00,
  0x28, 0x00, 0x00, 0x00, 0x00, 0x00, 0x06, 0x00, 0x08, 0x00, 0x04, 0x00,
  0x06, 0x00, 0x00, 0x00, 0x04, 0x00, 0x00, 0x00, 0x01, 0x00, 0x00, 0x00,
  0xeb, 0x03, 0x00, 0x00, 0x0c, 0x00, 0x18, 0x00, 0x14, 0x00, 0x10, 0x00,
  0x0c, 0x00, 0x04, 0x00, 0x0c, 0x00, 0x00, 0x00, 0xcc, 0xc4, 0x0d, 0xfb,
  0x1a, 0x27, 0x14, 0x53, 0x02, 0x00, 0x00, 0x00, 0x02, 0x00, 0x00, 0x00,
  0x04, 0x00, 0x00, 0x00, 0x06, 0x00, 0x00, 0x00, 0x32, 0x2e, 0x32, 0x31,
  0x2e, 0x30, 0x00, 0x00, 0x9a, 0xdf, 0xff, 0xff, 0x04, 0x00, 0x00, 0x00,
  0x10, 0x00, 0x00, 0x00, 0x31, 0x2e, 0x31, 0x34, 0x2e, 0x30, 0x00, 0x00,
  0x00, 0x00, 0x00, 0x00, 0x00, 0x00, 0x00, 0x00, 0x1c, 0xac, 0xff, 0xff,
  0x20, 0xac, 0xff, 0xff, 0x24, 0xac, 0xff, 0xff, 0x28, 0xac, 0xff, 0xff,
  0x2c, 0xac, 0xff, 0xff, 0x30, 0xac, 0xff, 0xff, 0x34, 0xac, 0xff, 0xff,
  0x38, 0xac, 0xff, 0xff, 0x3c, 0xac, 0xff, 0xff, 0x40, 0xac, 0xff, 0xff,
  0x44, 0xac, 0xff, 0xff, 0x48, 0xac, 0xff, 0xff, 0x4c, 0xac, 0xff, 0xff,
  0x50, 0xac, 0xff, 0xff, 0x54, 0xac, 0xff, 0xff, 0x58, 0xac, 0xff, 0xff,
  0x5c, 0xac, 0xff, 0xff, 0x60, 0xac, 0xff, 0xff, 0x64, 0xac, 0xff, 0xff,
  0x68, 0xac, 0xff, 0xff, 0x6c, 0xac, 0xff, 0xff, 0x70, 0xac, 0xff, 0xff,
  0x74, 0xac, 0xff, 0xff, 0x78, 0xac, 0xff, 0xff, 0x16, 0xe0, 0xff, 0xff,
  0x04, 0x00, 0x00, 0x00, 0xc0, 0x03, 0x00, 0x00, 0x1d, 0x1d, 0xd5, 0xde,
  0x33, 0x41, 0x00, 0xbd, 0x19, 0xc5, 0xf5, 0xd6, 0xda, 0x51, 0x36, 0x39,
  0xe1, 0xd5, 0x39, 0x03, 0xef, 0xc1, 0xef, 0xee, 0x19, 0x56, 0xcb, 0x35,
  0xca, 0xf6, 0xf7, 0x0f, 0xf0, 0x12, 0x9c, 0x3c, 0xfa, 0x7f, 0x31, 0x0c,
  0xdd, 0xe6, 0x24, 0x1b, 0x10, 0xfc, 0xac, 0xdf, 0x15, 0x0d, 0x0b, 0x30,
  0xfe, 0xef, 0x47, 0xbc, 0x08, 0x15, 0xc4, 0x48, 0x01, 0x81, 0x22, 0x41,
  0xe0, 0x1b, 0x21, 0xf2, 0x35, 0xc2, 0x1e, 0x68, 0x47, 0x33, 0x20, 0x6f,
  0xa5, 0xb5, 0xd5, 0xd5, 0x43, 0xb9, 0xba, 0x4d, 0xe1, 0x10, 0xa1, 0x4e,
  0xe0, 0x3b, 0xd0, 0x05, 0xcc, 0xee, 0x15, 0xce, 0xcd, 0x05, 0x2b, 0xe8,
  0x01, 0x27, 0x37, 0xeb, 0x42, 0x05, 0x65, 0xae, 0x1f, 0xf3, 0x13, 0x57,
  0x0a, 0x45, 0xb9, 0x03, 0x11, 0x54, 0x4f, 0xb6, 0x5c, 0x15, 0x61, 0xd0,
  0x5d, 0x46, 0x14, 0x0e, 0x04, 0x17, 0xb4, 0xd2, 0xcc, 0x32, 0xb7, 0xc3,
  0xe7, 0xc0, 0x44, 0x0a, 0xcc, 0x05, 0xa9, 0x32, 0xef, 0x06, 0xbf, 0x29,
  0x15, 0xc2, 0xb2, 0x21, 0x26, 0x23, 0x03, 0x98, 0x4a, 0x3b, 0x4c, 0xee,
  0x27, 0x2a, 0xe9, 0xc8, 0x20, 0xda, 0x34, 0xdd, 0x4c, 0x7f, 0x00, 0xee,
  0x74, 0xfc, 0x19, 0xec, 0x09, 0x07, 0x1f, 0xd6, 0xc6, 0x9a, 0x10, 0x27,
  0xaa, 0x81, 0x4b, 0x44, 0xba, 0x58, 0x23, 0x7e, 0x34, 0xed, 0xe6, 0xba,
  0x3e, 0x2a, 0x34, 0x10, 0x2d, 0x2d, 0x0a, 0xf5, 0xbf, 0xe0, 0x0b, 0xce,
  0x25, 0xbe, 0xee, 0xe6, 0x51, 0x47, 0xcc, 0x1c, 0x3f, 0xac, 0x14, 0xdf,
  0xaa, 0xd2, 0xca, 0x0c, 0xef, 0x2e, 0x4b, 0x3f, 0xc7, 0x91, 0x33, 0x7c,
  0x3f, 0x13, 0xb8, 0xe4, 0xd5, 0xbf, 0x00, 0xad, 0xf1, 0xda, 0xe5, 0x2b,
  0xf6, 0xb8, 0x16, 0xd4, 0xa6, 0x32, 0x02, 0x0d, 0x1d, 0xe6, 0xe2, 0xfb,
  0xd0, 0x3b, 0xed, 0xb2, 0xd0, 0x2a, 0x28, 0x24, 0x30, 0x2e, 0xbc, 0xdb,
  0xee, 0xbc, 0x01, 0xd1, 0xe0, 0xc6, 0x01, 0x3a, 0x1c, 0x15, 0x13, 0x00,
  0x43, 0x07, 0xde, 0xdc, 0x15, 0x53, 0xdc, 0xe8, 0x2d, 0xfc, 0x1a, 0x81,
  0x0a, 0x23, 0xcd, 0x12, 0xa2, 0xe0, 0xbc, 0x0e, 0x13, 0x2a, 0x05, 0x50,
  0xde, 0x30, 0x1d, 0xbc, 0x7f, 0x06, 0x05, 0x21, 0x7f, 0x31, 0xce, 0x08,
  0xaf, 0x0e, 0xd4, 0x06, 0xf4, 0x0b, 0x1d, 0xff, 0x2a, 0xd0, 0x98, 0xc5,
  0xb3, 0x1a, 0xd0, 0xe9, 0xfb, 0xe5, 0x40, 0x48, 0x17, 0x1e, 0xb9, 0x45,
  0xf6, 0xea, 0xa3, 0x34, 0xc1, 0x09, 0xdd, 0x5f, 0x62, 0xe8, 0xd8, 0xec,
  0xe6, 0xb5, 0x29, 0x06, 0x17, 0x75, 0x16, 0xdb, 0xf8, 0x14, 0x13, 0x09,
  0x3f, 0x00, 0xbe, 0x19, 0xe6, 0x16, 0x1d, 0x45, 0xd1, 0x1a, 0xfb, 0xe4,
  0xd5, 0xdd, 0x08, 0x39, 0xc7, 0x1d, 0x81, 0xc2, 0x18, 0x8d, 0x36, 0xe1,
  0x13, 0x2b, 0x97, 0x44, 0xfc, 0xdc, 0xa6, 0x5a, 0x13, 0x23, 0xbc, 0x5d,
  0x41, 0xb9, 0x21, 0xcc, 0x10, 0x0c, 0xab, 0x25, 0xb8, 0x99, 0xe8, 0x1f,
  0xe4, 0xdb, 0xd6, 0xc9, 0x0c, 0x12, 0xa2, 0xda, 0x1f, 0x2b, 0xdc, 0xd9,
  0xfa, 0x39, 0x17, 0x08, 0x13, 0xc1, 0xb4, 0x89, 0x69, 0x81, 0xfe, 0xaf,
  0xde, 0xd7, 0xcb, 0xcc, 0xd0, 0xc8, 0xf1, 0xab, 0x1d, 0x99, 0x4f, 0x01,
  0xc4, 0xbf, 0xe5, 0xd0, 0x4e, 0x47, 0xb7, 0xc6, 0x4c, 0xcb, 0x5a, 0x4c,
  0xcd, 0xfb, 0x0e, 0x25, 0x2b, 0xe2, 0x8a, 0xc2, 0x29, 0x37, 0xea, 0xeb,
  0xf8, 0x0b, 0x2b, 0xe5, 0xfd, 0xc0, 0xdc, 0x90, 0xfb, 0xbb, 0x3f, 0x7f,
  0xbf, 0x2c, 0xf1, 0x36, 0x07, 0x23, 0xb7, 0x32, 0x1f, 0x03, 0xdf, 0x68,
  0xab, 0x3d, 0x07, 0xc3, 0xe7, 0x9d, 0xe7, 0xdb, 0xbc, 0x50, 0x34, 0x2b,
  0x15, 0x1c, 0x58, 0x0b, 0x3f, 0x09, 0x3c, 0xa7, 0xba, 0xc7, 0xd1, 0xb3,
  0xea, 0x26, 0xcf, 0x02, 0xdf, 0xcc, 0xc8, 0x35, 0xc3, 0xa0, 0xea, 0xd0,
  0xe0, 0x33, 0xe0, 0x46, 0x2d, 0xf3, 0x18, 0x2e, 0x26, 0xea, 0x2b, 0xa6,
  0xf5, 0x10, 0xd8, 0x1c, 0xcb, 0xfd, 0xee, 0xe4, 0xe7, 0xcf, 0xaa, 0xea,
  0x20, 0x1a, 0x42, 0x0c, 0x4b, 0xe3, 0xf7, 0x19, 0x2d, 0xdb, 0xd5, 0x15,
  0x0b, 0xd5, 0x07, 0xc3, 0x06, 0xdb, 0x9f, 0xb6, 0xd9, 0xb5, 0xb9, 0x1c,
  0xaa, 0x6d, 0x40, 0xd1, 0xe4, 0x39, 0x34, 0xbb, 0xf3, 0xe5, 0x12, 0x81,
  0x9f, 0x19, 0xb5, 0xa7, 0x45, 0x3f, 0x0d, 0xc7, 0x32, 0x3e, 0x5b, 0x81,
  0xf7, 0x18, 0x97, 0xef, 0x3a, 0x75, 0x15, 0xfc, 0xd5, 0x37, 0x69, 0xca,
  0x26, 0x57, 0x37, 0xdd, 0x34, 0x79, 0x1d, 0x2a, 0x5c, 0x19, 0xea, 0x1c,
  0x20, 0xe3, 0xc7, 0xbe, 0x29, 0xd2, 0x4f, 0xea, 0xd6, 0x2c, 0x2e, 0xab,
  0xb2, 0x0d, 0x32, 0xf5, 0x2b, 0x1f, 0xf0, 0x27, 0x27, 0x08, 0xc1, 0xda,
  0xb4, 0x3f, 0x0f, 0x3c, 0x97, 0x2b, 0x1e, 0x88, 0xde, 0x4e, 0xde, 0x38,
  0xc1, 0x53, 0x63, 0x01, 0x46, 0xfc, 0x60, 0x9e, 0xea, 0xf9, 0xdc, 0x18,
  0x96, 0x44, 0xcb, 0x10, 0x1b, 0x01, 0x48, 0x2c, 0x32, 0x10, 0x91, 0xdd,
  0xd0, 0x0d, 0xf4, 0xdd, 0x35, 0x81, 0xe9, 0x2c, 0xeb, 0x1b, 0xa1, 0xd5,
  0xa8, 0x17, 0xfe, 0x96, 0x12, 0x3a, 0x09, 0xc1, 0xe5, 0xe1, 0x08, 0x15,
  0xf7, 0x4d, 0xf8, 0x91, 0x9a, 0xc1, 0xc6, 0x1a, 0x92, 0xb2, 0xee, 0x50,
  0x53, 0x93, 0xf5, 0xed, 0x49, 0xb9, 0xc3, 0x0c, 0x1c, 0x0d, 0xe4, 0x29,
  0x63, 0x31, 0x93, 0x5d, 0xce, 0xc8, 0x31, 0x54, 0x34, 0xaa, 0xfe, 0x08,
  0x20, 0xd0, 0x16, 0xe6, 0xbc, 0x56, 0x46, 0x4c, 0xbf, 0x30, 0xab, 0x20,
  0xff, 0x37, 0x52, 0x7f, 0x1f, 0xd2, 0xe8, 0x12, 0x07, 0xc2, 0x0a, 0x45,
  0xc1, 0x94, 0x45, 0xff, 0x30, 0xbb, 0x1a, 0x3e, 0xae, 0xda, 0xf6, 0xe2,
  0xe2, 0x1e, 0xfe, 0xbd, 0xfc, 0x4a, 0x06, 0xc2, 0xb4, 0x34, 0x43, 0x45,
  0xb8, 0xc5, 0x42, 0xd1, 0xf6, 0xfc, 0x50, 0x12, 0x24, 0x48, 0x44, 0xd3,
  0x84, 0xcb, 0x16, 0x1d, 0xcf, 0xf9, 0xf2, 0xb7, 0xb8, 0x40, 0xee, 0xd7,
  0x81, 0xfe, 0xff, 0x1d, 0x27, 0x32, 0x07, 0xf0, 0xc5, 0x3a, 0xcc, 0xfd,
  0xbb, 0x11, 0x13, 0x52, 0x16, 0xd6, 0x3a, 0xb5, 0xcf, 0x96, 0xb5, 0xff,
  0x02, 0xcc, 0x07, 0x28, 0xea, 0xeb, 0x40, 0xb5, 0x0f, 0x37, 0xbd, 0x0c,
  0xb3, 0xe3, 0xe5, 0x24, 0x33, 0x40, 0xf6, 0xa1, 0xfd, 0xd0, 0x22, 0x0d,
  0xe4, 0xa2, 0x12, 0xbe, 0x53, 0xe0, 0x22, 0xc0, 0x52, 0x35, 0xc7, 0x3e,
  0x00, 0x81, 0xcd, 0x2e, 0xcb, 0x29, 0xec, 0x06, 0x2e, 0xfc, 0x4c, 0xf6,
  0xb3, 0x8a, 0xd1, 0xf8, 0x07, 0xd3, 0xe4, 0x99, 0x38, 0x8c, 0xb6, 0x35,
  0xab, 0x46, 0x13, 0x3b, 0x3c, 0xae, 0x28, 0xc9, 0x7f, 0x19, 0x61, 0x02,
  0x88, 0x24, 0xf0, 0x09, 0xf9, 0xc2, 0xf5, 0xe2, 0xc4, 0x15, 0xf1, 0x9c,
  0xbf, 0x93, 0x23, 0x24, 0x4b, 0xca, 0xb1, 0x1c, 0xc7, 0x31, 0xd2, 0xee,
  0xb3, 0x44, 0xbf, 0x7a, 0xd0, 0xe6, 0xc7, 0xc5, 0xec, 0x06, 0xbe, 0x9b,
  0x34, 0x93, 0x4a, 0x4a, 0xf4, 0xa3, 0xc5, 0x40, 0xe2, 0xe3, 0xff, 0xff,
  0x04, 0x00, 0x00, 0x00, 0x40, 0x00, 0x00, 0x00, 0xdb, 0xc5, 0xff, 0xff,
  0xfa, 0x11, 0x00, 0x00, 0x48, 0x15, 0x00, 0x00, 0xa5, 0xf4, 0xff, 0xff,
  0x83, 0x2c, 0x00, 0x00, 0x1b, 0x1c, 0x00, 0x00, 0xe0, 0x6f, 0x00, 0x00,
  0xf6, 0x47, 0x00, 0x00, 0x51, 0x04, 0x00, 0x00, 0xc7, 0x05, 0x00, 0x00,
  0x94, 0x0a, 0x00, 0x00, 0x74, 0xe8, 0xff, 0xff, 0x35, 0xd3, 0xff, 0xff,
  0x7a, 0xcd, 0xff, 0xff, 0xdb, 0x4c, 0x00, 0x00, 0xd2, 0xf5, 0xff, 0xff,
  0x2e, 0xe4, 0xff, 0xff, 0x04, 0x00, 0x00, 0x00, 0x30, 0x00, 0x00, 0x00,
  0xbc, 0x7f, 0x7f, 0x2e, 0x7f, 0x7f, 0xd9, 0x81, 0x7f, 0x09, 0x9d, 0xa0,
  0x72, 0x4a, 0x81, 0x67, 0x81, 0x7b, 0x65, 0x81, 0x68, 0x3d, 0x81, 0x9e,
  0x05, 0x7f, 0x81, 0x7f, 0x7f, 0x7f, 0x9a, 0x7f, 0x24, 0xc0, 0x66, 0xfc,
  0x73, 0x9b, 0xa2, 0x74, 0x95, 0x47, 0xad, 0xe3, 0xe4, 0x44, 0xb9, 0xc6,
  0x6a, 0xe4, 0xff, 0xff, 0x04, 0x00, 0x00, 0x00, 0x40, 0x00, 0x00, 0x00,
  0x00, 0x00, 0x00, 0x00, 0x00, 0x00, 0x00, 0x00, 0x00, 0x00, 0x00, 0x00,
  0x00, 0x00, 0x00, 0x00, 0x00, 0x00, 0x00, 0x00, 0x00, 0x00, 0x00, 0x00,
  0x00, 0x00, 0x00, 0x00, 0x00, 0x00, 0x00, 0x00, 0x00, 0x00, 0x00, 0x00,
  0x00, 0x00, 0x00, 0x00, 0x00, 0x00, 0x00, 0x00, 0x00, 0x00, 0x00, 0x00,
  0x00, 0x00, 0x00, 0x00, 0x00, 0x00, 0x00, 0x00, 0x00, 0x00, 0x00, 0x00,
  0x00, 0x00, 0x00, 0x00, 0xb6, 0xe4, 0xff, 0xff, 0x04, 0x00, 0x00, 0x00,
  0x00, 0x02, 0x00, 0x00, 0x18, 0xf2, 0x56, 0x7f, 0xde, 0xd7, 0x81, 0xbe,
  0xe2, 0x00, 0x0d, 0xf9, 0x0b, 0x22, 0x35, 0x31, 0x32, 0x31, 0x7f, 0xeb,
  0x60, 0x9f, 0xc7, 0xb9, 0xc3, 0x95, 0x36, 0x8f, 0xf4, 0xe7, 0x63, 0x63,
  0x34, 0x05, 0x29, 0xd2, 0x7f, 0xbc, 0x1a, 0x32, 0xb9, 0xf7, 0xaf, 0x44,
  0x85, 0xfb, 0x57, 0xef, 0xea, 0x1a, 0x37, 0xbc, 0x5d, 0x12, 0xbc, 0x8a,
  0xca, 0xfe, 0xa7, 0x81, 0x12, 0x5d, 0xef, 0xa8, 0xc8, 0xcb, 0xec, 0xca,
  0xfd, 0xbd, 0xf1, 0x2c, 0x1c, 0xf9, 0xd0, 0x81, 0x2b, 0xa9, 0x21, 0x62,
  0x32, 0xfd, 0x5a, 0x28, 0x8c, 0xb9, 0xfc, 0x58, 0x02, 0x4d, 0x25, 0x9f,
  0xac, 0x17, 0xd6, 0x81, 0x81, 0x14, 0xe6, 0x29, 0xc1, 0x2f, 0x55, 0x35,
  0x43, 0xf8, 0x39, 0x00, 0x4d, 0xd8, 0xf6, 0xa7, 0xb3, 0x17, 0x9a, 0x23,
  0xcc, 0xe0, 0xb3, 0xfa, 0x0e, 0x61, 0xae, 0xd8, 0xa6, 0x27, 0xa2, 0x7f,
  0xb2, 0x3c, 0x10, 0x4e, 0x08, 0x81, 0xff, 0xba, 0x3e, 0x6c, 0x8d, 0x08,
  0xba, 0xc4, 0x60, 0xbe, 0xe2, 0xe5, 0xa3, 0x6d, 0xf2, 0x09, 0x02, 0x4d,
  0xe6, 0xbc, 0x34, 0x99, 0x87, 0xf5, 0x7f, 0x47, 0x98, 0x5f, 0xa4, 0xa3,
  0x65, 0x07, 0xc5, 0x8f, 0x81, 0x31, 0xdf, 0x08, 0x27, 0xd8, 0x19, 0xc1,
  0x7a, 0xd6, 0x0e, 0x05, 0xc7, 0xe0, 0x04, 0xe1, 0xa3, 0x3f, 0x10, 0xfc,
  0x04, 0x1e, 0x20, 0x81, 0x03, 0xfa, 0x4b, 0xcc, 0xc0, 0xa4, 0x30, 0x13,
  0xcd, 0x92, 0x4a, 0x7f, 0xe6, 0xfb, 0xc9, 0xf4, 0xc6, 0x36, 0xc0, 0xbb,
  0x0e, 0x1d, 0x47, 0xdd, 0xa6, 0x25, 0xe7, 0xd9, 0x1e, 0x09, 0x70, 0x81,
  0xe1, 0x7f, 0x47, 0x1a, 0x99, 0x25, 0xd0, 0x49, 0xed, 0x10, 0x9a, 0xe6,
  0xe7, 0xed, 0xb7, 0x20, 0xb0, 0x91, 0x88, 0x57, 0xea, 0x34, 0xe0, 0xd1,
  0x2b, 0x2c, 0xf6, 0x7f, 0x36, 0xbb, 0xb7, 0x34, 0xcf, 0x16, 0x81, 0x71,
  0xfa, 0x5e, 0x16, 0x28, 0x7f, 0xd6, 0x48, 0x17, 0x91, 0xa3, 0x22, 0xc1,
  0x7f, 0x06, 0x26, 0xb1, 0x04, 0xe6, 0x78, 0x26, 0xae, 0xed, 0xe8, 0x14,
  0x42, 0xe4, 0x02, 0xd0, 0x81, 0xf7, 0xc3, 0xf2, 0x1c, 0xe6, 0xc6, 0xb6,
  0xce, 0xc0, 0xcb, 0xef, 0xe8, 0xdd, 0xfc, 0xb8, 0xd4, 0xb6, 0x2c, 0x81,
  0x05, 0x4f, 0xa9, 0xdf, 0xc4, 0xf9, 0x2c, 0xea, 0x2f, 0xb8, 0x4a, 0xb3,
  0x0d, 0xb2, 0x85, 0xc7, 0xdb, 0xfa, 0x9c, 0x63, 0x90, 0x38, 0x0b, 0xcd,
  0x81, 0xf1, 0x16, 0x38, 0x74, 0xae, 0x60, 0xa0, 0x33, 0xbd, 0x2d, 0x63,
  0x50, 0xe0, 0xd1, 0x40, 0xd2, 0x2b, 0x7f, 0xcd, 0xd8, 0xc2, 0xcf, 0x10,
  0x87, 0x1e, 0x49, 0x56, 0x16, 0x81, 0x14, 0xec, 0xe2, 0xdf, 0x6e, 0x3a,
  0x98, 0x60, 0x04, 0x2e, 0x03, 0xb2, 0xb6, 0x81, 0xd7, 0x14, 0xdf, 0xab,
  0x07, 0xbf, 0xbd, 0xa7, 0x5b, 0x3a, 0xd5, 0xb2, 0x2f, 0xcd, 0xfd, 0x10,
  0x5b, 0x0b, 0xe2, 0x36, 0x52, 0x1c, 0x81, 0xde, 0x3a, 0xd5, 0xed, 0xee,
  0x12, 0x1a, 0x56, 0x81, 0xd0, 0x20, 0x63, 0xad, 0xe2, 0x0d, 0xf6, 0x23,
  0x49, 0x30, 0x23, 0xa1, 0xa9, 0x2f, 0xae, 0xe3, 0xf7, 0x2d, 0x62, 0x81,
  0xbb, 0x00, 0xe9, 0x2b, 0xe1, 0xb9, 0xae, 0xe2, 0x81, 0xa3, 0x78, 0x68,
  0x64, 0xac, 0x0a, 0x56, 0x5f, 0xa7, 0xd3, 0x66, 0x1c, 0x59, 0xfb, 0x06,
  0x15, 0xe4, 0x13, 0x81, 0xb1, 0x7e, 0x16, 0x95, 0xbc, 0x38, 0x45, 0xbd,
  0x14, 0xea, 0x9b, 0x7f, 0xe7, 0x51, 0x1b, 0x18, 0xe8, 0x37, 0x02, 0xde,
  0x01, 0x40, 0x2e, 0xf3, 0xef, 0x3a, 0x1b, 0xec, 0xfa, 0x67, 0xb3, 0x40,
  0x11, 0xf8, 0x22, 0xf3, 0x7f, 0xe4, 0xb7, 0xcb, 0x3d, 0xe7, 0x5a, 0xc5,
  0x22, 0x37, 0x34, 0x87, 0x24, 0x41, 0x9c, 0xe1, 0xfa, 0x7f, 0xb2, 0x13,
  0xc2, 0xe6, 0xff, 0xff, 0x04, 0x00, 0x00, 0x00, 0x80, 0x00, 0x00, 0x00,
  0xc6, 0xf8, 0xff, 0xff, 0x82, 0xfa, 0xff, 0xff, 0xd5, 0x03, 0x00, 0x00,
  0x70, 0xee, 0xff, 0xff, 0x25, 0x02, 0x00, 0x00, 0xaf, 0x06, 0x00, 0x00,
  0xd4, 0x05, 0x00, 0x00, 0xec, 0xf9, 0xff, 0xff, 0x46, 0x01, 0x00, 0x00,
  0xfa, 0x10, 0x00, 0x00, 0x60, 0xf8, 0xff, 0xff, 0x2e, 0x06, 0x00, 0x00,
  0x43, 0x03, 0x00, 0x00, 0x3c, 0x04, 0x00, 0x00, 0x27, 0xf8, 0xff, 0xff,
  0xf6, 0x01, 0x00, 0x00, 0x61, 0x13, 0x00, 0x00, 0xe3, 0x03, 0x00, 0x00,
  0x2b, 0xff, 0xff, 0xff, 0xc4, 0xfd, 0xff, 0xff, 0x8a, 0x09, 0x00, 0x00,
  0xdc, 0x04, 0x00, 0x00, 0xdc, 0x11, 0x00, 0x00, 0x3c, 0xf7, 0xff, 0xff,
  0xdc, 0xf8, 0xff, 0xff, 0xec, 0x02, 0x00, 0x00, 0xa1, 0xfd, 0xff, 0xff,
  0x16, 0x0c, 0x00, 0x00, 0xf1, 0xfd, 0xff, 0xff, 0x9c, 0x06, 0x00, 0x00,
  0xb3, 0xf5, 0xff, 0xff, 0xb0, 0xee, 0xff, 0xff, 0x4e, 0xe7, 0xff, 0xff,
  0x04, 0x00, 0x00, 0x00, 0x60, 0x00, 0x00, 0x00, 0xf0, 0x4c, 0x63, 0xd7,
  0x8f, 0x3f, 0x7f, 0x7f, 0xe9, 0x62, 0x7f, 0x13, 0x42, 0x94, 0xad, 0x63,
  0xca, 0x96, 0x7f, 0xc8, 0x81, 0xcc, 0x7f, 0x03, 0xfc, 0x81, 0x12, 0x59,
  0x7f, 0x7f, 0xcd, 0xee, 0x81, 0x81, 0x7f, 0x7f, 0x81, 0x40, 0xe9, 0x59,
  0xae, 0x02, 0xe0, 0x7f, 0x7f, 0xc7, 0x81, 0x1b, 0xb3, 0xf2, 0x0f, 0x7f,
  0x87, 0x7f, 0xd9, 0x26, 0x42, 0xfd, 0x81, 0x0d, 0x7e, 0x55, 0x6a, 0xbc,
  0xb7, 0xae, 0xff, 0xd0, 0x85, 0x81, 0xcb, 0xf9, 0x81, 0x81, 0x6c, 0x4b,
  0x6e, 0x81, 0x20, 0x81, 0x7f, 0x81, 0xfd, 0x0c, 0xab, 0x9b, 0x24, 0x7f,
  0x7f, 0x8a, 0xdb, 0x81, 0xc9, 0xd6, 0x81, 0x81, 0xba, 0xe7, 0xff, 0xff,
  0x04, 0x00, 0x00, 0x00, 0x80, 0x00, 0x00, 0x00, 0x00, 0x00, 0x00, 0x00,
  0x00, 0x00, 0x00, 0x00, 0x00, 0x00, 0x00, 0x00, 0x00, 0x00, 0x00, 0x00,
  0x00, 0x00, 0x00, 0x00, 0x00, 0x00, 0x00, 0x00, 0x00, 0x00, 0x00, 0x00,
  0x00, 0x00, 0x00, 0x00, 0x00, 0x00, 0x00, 0x00, 0x00, 0x00, 0x00, 0x00,
  0x00, 0x00, 0x00, 0x00, 0x00, 0x00, 0x00, 0x00, 0x00, 0x00, 0x00, 0x00,
  0x00, 0x00, 0x00, 0x00, 0x00, 0x00, 0x00, 0x00, 0x00, 0x00, 0x00, 0x00,
  0x00, 0x00, 0x00, 0x00, 0x00, 0x00, 0x00, 0x00, 0x00, 0x00, 0x00, 0x00,
  0x00, 0x00, 0x00, 0x00, 0x00, 0x00, 0x00, 0x00, 0x00, 0x00, 0x00, 0x00,
  0x00, 0x00, 0x00, 0x00, 0x00, 0x00, 0x00, 0x00, 0x00, 0x00, 0x00, 0x00,
  0x00, 0x00, 0x00, 0x00, 0x00, 0x00, 0x00, 0x00, 0x00, 0x00, 0x00, 0x00,
  0x00, 0x00, 0x00, 0x00, 0x00, 0x00, 0x00, 0x00, 0x00, 0x00, 0x00, 0x00,
  0x00, 0x00, 0x00, 0x00, 0x46, 0xe8, 0xff, 0xff, 0x04, 0x00, 0x00, 0x00,
  0x00, 0x04, 0x00, 0x00, 0x07, 0x23, 0xfb, 0xc6, 0x02, 0x22, 0x09, 0x09,
  0x9e, 0x1a, 0x30, 0xda, 0xdd, 0xc3, 0xf8, 0xec, 0xc6, 0x01, 0xb7, 0xe3,
  0xd3, 0xe5, 0x1d, 0x10, 0x06, 0x0e, 0xb1, 0xf8, 0x0e, 0xcb, 0x7f, 0x51,
  0x03, 0x2b, 0x24, 0xfd, 0xd7, 0x5a, 0xd9, 0xf8, 0xea, 0x2d, 0x22, 0x7d,
  0x4f, 0xd9, 0x33, 0xda, 0x21, 0x76, 0xa4, 0xcd, 0xd5, 0x0d, 0x4a, 0xad,
  0x41, 0xfb, 0x81, 0xe4, 0x12, 0xb8, 0xcf, 0x7a, 0x0e, 0x01, 0xf7, 0x47,
  0xbb, 0xb0, 0x48, 0xce, 0x59, 0xb9, 0x81, 0x01, 0xf6, 0xaf, 0x6c, 0x18,
  0x94, 0x5f, 0xfd, 0x2d, 0xd1, 0xcb, 0x06, 0x1b, 0x21, 0xc2, 0xf1, 0xd9,
  0x21, 0x50, 0x36, 0x56, 0x16, 0x49, 0x48, 0xa1, 0xb6, 0x37, 0x1f, 0xaf,
  0xd7, 0x39, 0x82, 0xc5, 0xf0, 0x0a, 0x5b, 0x53, 0x2e, 0xf8, 0x21, 0x0d,
  0xf1, 0x26, 0x7f, 0x1c, 0x59, 0xdf, 0xf0, 0xfc, 0x04, 0xc0, 0xe5, 0xf3,
  0xea, 0x3d, 0xab, 0x4c, 0x7f, 0x22, 0x11, 0x01, 0xff, 0x1a, 0x5e, 0xec,
  0xe7, 0x4f, 0x18, 0x02, 0x5c, 0x21, 0x33, 0x35, 0x5a, 0x1b, 0x39, 0x2e,
  0xe1, 0xaf, 0x1e, 0x4f, 0xb1, 0x3b, 0x35, 0xea, 0x4d, 0x36, 0xdf, 0x47,
  0x18, 0x96, 0x41, 0x91, 0x36, 0x81, 0xf9, 0x50, 0xe7, 0x21, 0x38, 0x74,
  0x4e, 0xee, 0x5c, 0xc4, 0x42, 0x16, 0x09, 0x29, 0x63, 0x40, 0xd7, 0x0f,
  0xfd, 0xfc, 0x12, 0x5b, 0x12, 0x31, 0xb2, 0x2f, 0x11, 0xe7, 0xd7, 0xcd,
  0xc6, 0xc2, 0xe7, 0xfc, 0xc2, 0x45, 0xe9, 0x1d, 0xdd, 0xd2, 0x7f, 0x02,
  0xf8, 0xdd, 0xed, 0x0e, 0x0e, 0x2d, 0x3a, 0xe9, 0xb5, 0x9b, 0x54, 0xc0,
  0x26, 0x0c, 0xdd, 0xb7, 0x4a, 0x01, 0x7f, 0x32, 0x55, 0x31, 0x69, 0xb0,
  0xf2, 0xdd, 0xd8, 0x57, 0x1f, 0xae, 0x8f, 0x03, 0xd9, 0x53, 0x11, 0xfa,
  0xe2, 0x53, 0x9d, 0xdc, 0x92, 0x4d, 0x28, 0x67, 0xb6, 0xfd, 0xc9, 0x81,
  0xe9, 0xff, 0x2c, 0xeb, 0x1c, 0xc8, 0xd8, 0x1d, 0xea, 0xb8, 0x3a, 0x26,
  0x2e, 0xe2, 0x20, 0x57, 0x2a, 0x40, 0xdc, 0x06, 0xf4, 0xc4, 0xec, 0x09,
  0x10, 0x5f, 0x4e, 0xd6, 0x0f, 0xb7, 0xf7, 0xd1, 0x2a, 0x66, 0xcd, 0xea,
  0xfe, 0x03, 0xca, 0x1b, 0xe6, 0xd8, 0x13, 0xcc, 0xd5, 0x17, 0x3d, 0xd8,
  0x3d, 0xc1, 0x7f, 0x6a, 0xcb, 0x4f, 0xfb, 0x00, 0x97, 0x31, 0xe0, 0x23,
  0x40, 0xe8, 0xc0, 0x57, 0xd6, 0x19, 0xdd, 0xf3, 0xb2, 0x48, 0x65, 0xeb,
  0x04, 0x94, 0xc2, 0x2e, 0x43, 0x84, 0xcc, 0x25, 0x05, 0xe8, 0x62, 0x56,
  0xc5, 0xc5, 0x11, 0xfb, 0xf1, 0x0d, 0x7f, 0x47, 0x30, 0x08, 0x43, 0xbd,
  0x7d, 0x3f, 0xcf, 0x50, 0x24, 0xb3, 0x2e, 0x81, 0xdd, 0x30, 0xf8, 0x11,
  0xe8, 0xc2, 0xc7, 0x4b, 0xdf, 0x02, 0x7d, 0xb0, 0xe6, 0x21, 0xc3, 0x09,
  0xb2, 0x45, 0x24, 0x43, 0x5f, 0x1d, 0xd5, 0xf7, 0xf4, 0x01, 0x31, 0xa3,
  0xf9, 0x3a, 0xe8, 0xcd, 0x05, 0xed, 0x5c, 0xe7, 0x5f, 0x7f, 0xbf, 0xa0,
  0xf9, 0xf3, 0x0b, 0x0c, 0xff, 0x48, 0xc6, 0x2e, 0xfd, 0x9e, 0xc3, 0x0d,
  0xde, 0xcc, 0x1a, 0x95, 0xf2, 0xfe, 0xfb, 0xe5, 0x81, 0xf5, 0xaa, 0x3b,
  0xde, 0x89, 0x33, 0x2c, 0x49, 0x2a, 0xa9, 0xb5, 0x0e, 0x4f, 0xd2, 0xb3,
  0x5e, 0xb9, 0x1c, 0xd9, 0x71, 0xd9, 0x08, 0x1d, 0x0c, 0xf1, 0xd8, 0x93,
  0x3a, 0xe5, 0x66, 0x53, 0x1e, 0x35, 0x5e, 0x22, 0x78, 0xc1, 0x25, 0x17,
  0xf4, 0x8f, 0xfb, 0xe5, 0x5d, 0x95, 0x1f, 0x18, 0xe1, 0xa7, 0x81, 0xf6,
  0x4f, 0x8c, 0x6e, 0x79, 0xfc, 0x37, 0x07, 0xbd, 0x0f, 0x5c, 0x98, 0x3a,
  0xf4, 0xe2, 0xa3, 0x40, 0x76, 0xcd, 0x9c, 0x7f, 0x45, 0x47, 0x00, 0x1d,
  0x34, 0xe4, 0x8d, 0xef, 0x12, 0x89, 0xe7, 0x06, 0xa5, 0x4c, 0xc4, 0xe9,
  0x0b, 0x81, 0x69, 0xe5, 0xed, 0x5a, 0xe0, 0x39, 0xd5, 0x00, 0xef, 0x84,
  0x10, 0x45, 0x91, 0xc0, 0x6c, 0x17, 0x5c, 0x92, 0x2a, 0xad, 0x25, 0x2e,
  0xd5, 0x7c, 0x2e, 0x4b, 0xa9, 0xd6, 0xa1, 0xf5, 0xdd, 0x0c, 0xd0, 0x05,
  0x3d, 0xa1, 0x20, 0xdd, 0x7e, 0xe4, 0xc5, 0xf9, 0x1f, 0xbc, 0xb1, 0x04,
  0x7f, 0x15, 0xcf, 0x0a, 0xea, 0xc7, 0x15, 0x50, 0x86, 0xa4, 0xa1, 0xb8,
  0xa5, 0x0e, 0x15, 0xb5, 0x3d, 0x60, 0xea, 0x81, 0x00, 0x4f, 0xd4, 0x0f,
  0x1a, 0x44, 0x31, 0x0d, 0xc0, 0x56, 0x29, 0x40, 0x35, 0x24, 0x35, 0x31,
  0xe4, 0x00, 0x22, 0xcf, 0x07, 0x4b, 0xf0, 0x06, 0xd4, 0xc7, 0x29, 0xd0,
  0x2d, 0x12, 0x0c, 0x24, 0xfa, 0x36, 0x0a, 0x41, 0xc8, 0xb7, 0x41, 0x29,
  0x10, 0x05, 0x26, 0x7f, 0x28, 0xd9, 0x1c, 0x41, 0x40, 0x20, 0x01, 0x0c,
  0xbd, 0xb2, 0xe3, 0x5a, 0x39, 0x17, 0xde, 0x24, 0xd4, 0x2a, 0xa2, 0xd9,
  0xe5, 0xf4, 0x37, 0xef, 0x7f, 0xcf, 0x1d, 0xff, 0xa6, 0x3f, 0xda, 0xa9,
  0xab, 0x85, 0xfe, 0xcc, 0xeb, 0x1d, 0x0f, 0xa7, 0x7b, 0x0e, 0x9c, 0xd3,
  0x30, 0xfc, 0x2d, 0xe3, 0xa2, 0xe0, 0xd7, 0x8c, 0xd9, 0x47, 0xd7, 0xd3,
  0xa2, 0x0d, 0x93, 0x19, 0xe5, 0xcf, 0x4c, 0xb4, 0x1c, 0xa6, 0x2b, 0xf8,
  0x34, 0xc8, 0x1e, 0x47, 0xd1, 0x01, 0x27, 0x6f, 0x66, 0x55, 0x7f, 0xfe,
  0xf3, 0x7f, 0xe6, 0x34, 0x9a, 0x29, 0xeb, 0x0a, 0xfa, 0xd4, 0x5b, 0x3b,
  0x49, 0x5b, 0xb6, 0xd3, 0xcc, 0x64, 0x81, 0xbf, 0x81, 0x3e, 0xd3, 0x20,
  0xbc, 0xd6, 0x46, 0x45, 0xb6, 0xcb, 0x0c, 0x8c, 0x21, 0xf2, 0x03, 0xdc,
  0xe2, 0xb2, 0xe1, 0x2a, 0x18, 0x1e, 0x99, 0xdf, 0x3a, 0x27, 0x22, 0xe6,
  0xc0, 0xaa, 0xf6, 0x1c, 0x1a, 0xe1, 0x11, 0x48, 0xf5, 0x66, 0x06, 0x34,
  0xb2, 0xb8, 0x7f, 0xe0, 0x1e, 0x23, 0x19, 0xa6, 0xa6, 0x7f, 0x7a, 0x07,
  0x14, 0x84, 0x8f, 0x25, 0xb3, 0xfb, 0x46, 0x4e, 0xf3, 0xda, 0x9a, 0xdf,
  0xb2, 0xbf, 0x9f, 0x21, 0x44, 0xdc, 0x82, 0x4f, 0x02, 0xe7, 0xc0, 0x16,
  0xa4, 0xc9, 0xfb, 0xcd, 0x24, 0x1e, 0xb4, 0xd9, 0x27, 0xd7, 0xc7, 0xa7,
  0x88, 0x5a, 0xe0, 0xf8, 0xd8, 0x84, 0xe6, 0xb2, 0x21, 0x45, 0x7a, 0x3e,
  0xc8, 0x7f, 0x68, 0x34, 0x17, 0xfb, 0xa1, 0x52, 0xa0, 0x17, 0xcd, 0xd9,
  0x40, 0xde, 0x49, 0xb7, 0xa8, 0x70, 0x07, 0xc6, 0x9e, 0xbc, 0x02, 0xfa,
  0xff, 0x9d, 0xe6, 0xa1, 0xaf, 0x40, 0xd0, 0x7f, 0xb4, 0x10, 0xcd, 0x00,
  0x35, 0xa0, 0x1e, 0x72, 0xdd, 0xde, 0xc0, 0xf9, 0x0e, 0xf5, 0x0d, 0x35,
  0xeb, 0xfa, 0xce, 0xea, 0xc2, 0xc9, 0xfb, 0x41, 0x04, 0x22, 0x81, 0x3f,
  0xf0, 0xc8, 0xee, 0xff, 0x13, 0xdc, 0xfb, 0x3e, 0x1b, 0xdd, 0xca, 0x24,
  0x92, 0x3d, 0x8d, 0x3b, 0x32, 0x4c, 0xce, 0x8d, 0xcc, 0x77, 0x35, 0x1c,
  0xd3, 0xf4, 0x25, 0x2a, 0xbe, 0xc9, 0x22, 0x52, 0x61, 0x2f, 0xa9, 0x6e,
  0x60, 0x1b, 0x7f, 0x84, 0x2e, 0x34, 0xfb, 0x20, 0x6a, 0xe0, 0xf5, 0x03,
  0xcf, 0x59, 0x55, 0x43, 0xdb, 0xcd, 0x84, 0xa5, 0x7f, 0xc0, 0xdb, 0x42,
  0x17, 0x43, 0x3f, 0x6f, 0xb7, 0x17, 0x59, 0x0b, 0xf1, 0xa4, 0xfd, 0x65,
  0x10, 0xd7, 0xee, 0xe5, 0x0b, 0xd8, 0x16, 0x15, 0x69, 0xad, 0x96, 0x10,
  0x38, 0xdb, 0x30, 0x94, 0xf6, 0x2a, 0x81, 0xed, 0xe6, 0xc2, 0xd8, 0x32,
  0xc7, 0x0a, 0x04, 0xa0, 0x25, 0x2b, 0x16, 0x38, 0x11, 0x00, 0xb9, 0x70,
  0x09, 0xa0, 0x95, 0xf7, 0x23, 0x38, 0xfe, 0x81, 0x31, 0x66, 0x33, 0x92,
  0xd2, 0xe6, 0x06, 0x41, 0x4a, 0xe5, 0xa1, 0xe9, 0xe1, 0x7f, 0x6a, 0x54,
  0x69, 0xde, 0x9d, 0xc4, 0xe5, 0x39, 0x3d, 0xdf, 0x52, 0xec, 0xff, 0xff,
  0x04, 0x00, 0x00, 0x00, 0x80, 0x00, 0x00, 0x00, 0x7f, 0x01, 0x00, 0x00,
  0x6d, 0xf8, 0xff, 0xff, 0xad, 0xfa, 0xff, 0xff, 0x1d, 0xfd, 0xff, 0xff,
  0x25, 0x0c, 0x00, 0x00, 0xfd, 0x0d, 0x00, 0x00, 0x04, 0x0f, 0x00, 0x00,
  0x28, 0x08, 0x00, 0x00, 0x93, 0xf5, 0xff, 0xff, 0xab, 0x03, 0x00, 0x00,
  0xc5, 0xf0, 0xff, 0xff, 0x3d, 0x08, 0x00, 0x00, 0xb6, 0x18, 0x00, 0x00,
  0x76, 0xf8, 0xff, 0xff, 0x68, 0xf0, 0xff, 0xff, 0x52, 0xf2, 0xff, 0xff,
  0xc3, 0xfe, 0xff, 0xff, 0x33, 0xfc, 0xff, 0xff, 0x24, 0x11, 0x00, 0x00,
  0x36, 0xf3, 0xff, 0xff, 0x96, 0x00, 0x00, 0x00, 0xb3, 0xf4, 0xff, 0xff,
  0xe6, 0xfa, 0xff, 0xff, 0xa0, 0x03, 0x00, 0x00, 0xe8, 0xfa, 0xff, 0xff,
  0x0d, 0x13, 0x00, 0x00, 0x40, 0x07, 0x00, 0x00, 0x45, 0x03, 0x00, 0x00,
  0x9e, 0x05, 0x00, 0x00, 0xd8, 0xe6, 0xff, 0xff, 0xfb, 0x0a, 0x00, 0x00,
  0x64, 0x00, 0x00, 0x00, 0xde, 0xec, 0xff, 0xff, 0x04, 0x00, 0x00, 0x00,
  0x00, 0x10, 0x00, 0x00, 0x1e, 0x68, 0xfc, 0xfa, 0xd6, 0xeb, 0xf2, 0xdf,
  0x15, 0xc7, 0xfd, 0xe9, 0xc0, 0xe8, 0x36, 0x01, 0xf4, 0xde, 0x25, 0xdd,
  0x1e, 0xf5, 0x0b, 0x03, 0x44, 0xbc, 0xdb, 0xc8, 0xd7, 0xd8, 0x29, 0xd8,
  0x33, 0xf1, 0xf4, 0x0e, 0xca, 0x35, 0xfb, 0x11, 0xde, 0xe6, 0xdd, 0x0c,
  0x22, 0x0e, 0xdd, 0x08, 0xb7, 0xb4, 0xd5, 0xe2, 0xfe, 0xe3, 0xef, 0xc8,
  0x08, 0xfb, 0x1f, 0x21, 0xd1, 0x50, 0x24, 0xd0, 0x11, 0xf7, 0xeb, 0xe7,
  0xfe, 0x1e, 0x25, 0xf3, 0xe6, 0xb9, 0x1e, 0x0f, 0x4d, 0x0a, 0xe7, 0xdc,
  0xb8, 0xc7, 0x09, 0xcd, 0x10, 0xec, 0xcc, 0xb5, 0x2d, 0xcc, 0x38, 0x37,
  0x0c, 0x1a, 0xdb, 0xfd, 0x51, 0x31, 0xf4, 0x1c, 0x3d, 0x28, 0xeb, 0x25,
  0xee, 0xc9, 0x0f, 0xee, 0x55, 0x0c, 0x13, 0xd4, 0xe7, 0xe0, 0x13, 0xd6,
  0x2a, 0xd1, 0xd0, 0xdc, 0x42, 0xf2, 0x37, 0x15, 0x08, 0x13, 0x07, 0x2d,
  0x17, 0x4d, 0xde, 0x15, 0x25, 0x5c, 0xf5, 0x0c, 0xd9, 0x12, 0x2d, 0x15,
  0x3a, 0xcc, 0x3c, 0xc8, 0xd7, 0x0a, 0xef, 0xf9, 0xf0, 0x13, 0xa9, 0x21,
  0xfe, 0xc0, 0x16, 0x25, 0x11, 0x1e, 0xd9, 0xff, 0xe4, 0x45, 0xce, 0x0f,
  0x19, 0xf5, 0xf4, 0xf9, 0xf7, 0x2e, 0xec, 0x09, 0x44, 0x0a, 0x2d, 0xda,
  0xdb, 0x12, 0x0e, 0xff, 0x04, 0xc6, 0x18, 0x20, 0x09, 0xbe, 0x24, 0x09,
  0xf6, 0xed, 0xce, 0x4c, 0x05, 0xc6, 0x13, 0x46, 0x1f, 0xf2, 0x4d, 0x21,
  0x0e, 0x0a, 0xe9, 0xfd, 0x1c, 0xc1, 0xee, 0x04, 0xf2, 0x0b, 0x12, 0x00,
  0x17, 0xf9, 0x7f, 0x03, 0xf5, 0x21, 0x33, 0x0a, 0x0f, 0x2b, 0xf2, 0x3b,
  0x0c, 0xdf, 0x08, 0x26, 0x25, 0x55, 0x75, 0x11, 0xd5, 0x4c, 0x28, 0xcf,
  0x35, 0xd7, 0xd4, 0x1f, 0x36, 0xd2, 0x32, 0x0b, 0xe3, 0x13, 0x11, 0x37,
  0xf7, 0x50, 0x6b, 0x08, 0x4b, 0x61, 0xe9, 0x0d, 0x1f, 0xf0, 0x07, 0x16,
  0x30, 0x44, 0x5b, 0xdf, 0x3b, 0x4d, 0xd4, 0x22, 0xfc, 0xea, 0xb9, 0x33,
  0x05, 0x19, 0x11, 0x1f, 0x00, 0x60, 0x00, 0xc8, 0xa5, 0x2c, 0xfb, 0x45,
  0x02, 0x1a, 0xe6, 0xe4, 0x0e, 0x04, 0xee, 0xe4, 0x17, 0x19, 0xbc, 0x1b,
  0x14, 0x6c, 0xfa, 0x16, 0xfb, 0xde, 0x2f, 0x07, 0xe3, 0x1a, 0xc8, 0x00,
  0xec, 0x55, 0xfd, 0x30, 0xf2, 0xf8, 0xcf, 0xc9, 0x1b, 0xef, 0xd9, 0x2f,
  0xdc, 0xf6, 0x45, 0xd0, 0x30, 0xf7, 0xec, 0xde, 0xff, 0xfb, 0xce, 0xf9,
  0xd7, 0x05, 0xf7, 0x4b, 0x01, 0x29, 0x81, 0x16, 0xdd, 0x0b, 0x42, 0x34,
  0xe5, 0x15, 0xe9, 0xbe, 0xe9, 0xe9, 0x16, 0xdc, 0xa6, 0xf3, 0x1d, 0xed,
  0x08, 0xb2, 0xdc, 0x25, 0x1a, 0x0f, 0xde, 0x3e, 0xa9, 0xef, 0xd9, 0x1c,
  0x58, 0x40, 0xef, 0x3b, 0x0d, 0x55, 0x39, 0x33, 0x28, 0x4d, 0xb6, 0x36,
  0xfb, 0xf9, 0x49, 0x0b, 0xea, 0xa2, 0xfa, 0x19, 0x0e, 0xc0, 0xfe, 0xf4,
  0x60, 0x03, 0x08, 0x23, 0xd4, 0xf3, 0xf0, 0x1c, 0x17, 0xe8, 0x0d, 0x27,
  0xf0, 0x5c, 0x30, 0x4f, 0xfb, 0x21, 0xdd, 0x31, 0xce, 0x25, 0x12, 0xc7,
  0xd1, 0x92, 0x22, 0xe3, 0x36, 0xa1, 0x53, 0xfd, 0x12, 0x16, 0x0c, 0x49,
  0xb4, 0x0f, 0xf5, 0x11, 0x23, 0x02, 0xea, 0x18, 0xdf, 0x00, 0xcc, 0xf6,
  0xe5, 0x20, 0x05, 0x11, 0xf6, 0xdf, 0x42, 0xcf, 0x1f, 0xa2, 0x36, 0xca,
  0x26, 0xe5, 0xf4, 0x14, 0xf6, 0xef, 0xd8, 0x1e, 0xbf, 0x1a, 0xc8, 0x23,
  0xd1, 0x0d, 0x15, 0x3c, 0xe5, 0x12, 0x81, 0x1f, 0xcb, 0x1c, 0x12, 0x1b,
  0xf3, 0xca, 0x24, 0x04, 0x00, 0x09, 0x08, 0x14, 0xe6, 0xf2, 0x9b, 0x05,
  0x18, 0xc4, 0x9a, 0x48, 0xed, 0x06, 0xe3, 0x21, 0xa2, 0xe5, 0x1f, 0xbd,
  0xd1, 0x49, 0xdc, 0x17, 0xc4, 0xc7, 0x0d, 0xdd, 0xbc, 0xa4, 0x1a, 0xfe,
  0x08, 0xfe, 0xd5, 0xfb, 0x1f, 0xeb, 0xe6, 0x33, 0xdc, 0x16, 0x15, 0x15,
  0x26, 0xd2, 0xb6, 0x3e, 0xd5, 0x00, 0x32, 0x15, 0x13, 0x9b, 0xf6, 0xc6,
  0xe6, 0x08, 0x1f, 0x17, 0x07, 0xf0, 0x27, 0xf4, 0xef, 0x36, 0xf7, 0xd9,
  0xe9, 0x1c, 0x19, 0xf1, 0xa9, 0xe7, 0xd0, 0xfa, 0x36, 0x05, 0x28, 0xeb,
  0x14, 0x28, 0x29, 0xe9, 0xa8, 0x1d, 0x30, 0xca, 0xe0, 0xc5, 0xf6, 0x23,
  0xd2, 0x01, 0xd6, 0xba, 0x48, 0xf2, 0xdc, 0xe9, 0x20, 0xe7, 0xfc, 0xd6,
  0xfe, 0x33, 0xa8, 0xbf, 0x34, 0xdf, 0xf0, 0xf9, 0x01, 0x18, 0x02, 0xa7,
  0xdc, 0x14, 0x25, 0xcf, 0xff, 0x0d, 0x18, 0x2c, 0xf6, 0x0d, 0xcd, 0x81,
  0x1d, 0x20, 0xdb, 0xee, 0x3a, 0xe4, 0x15, 0xbe, 0xf5, 0xf0, 0xa4, 0xbd,
  0x09, 0xf0, 0xe7, 0xc1, 0x14, 0x00, 0x4c, 0xfb, 0xb5, 0xee, 0x2e, 0xf8,
  0xfc, 0xfb, 0x2b, 0xef, 0xcb, 0x32, 0x94, 0xfa, 0x25, 0xf1, 0x00, 0xfa,
  0xf9, 0xf4, 0x13, 0xe8, 0xbf, 0xec, 0xd6, 0xef, 0x1e, 0xf7, 0x09, 0xf0,
  0x2c, 0x15, 0xf0, 0xff, 0xc3, 0xf8, 0xfb, 0x10, 0x21, 0xd4, 0xe1, 0x1d,
  0xc9, 0x14, 0xaf, 0x1a, 0xee, 0x04, 0x35, 0x34, 0xe3, 0x30, 0x14, 0xe1,
  0xc0, 0x27, 0xfc, 0xf5, 0x14, 0xe1, 0xd6, 0xbf, 0x0a, 0xfe, 0xf6, 0xd8,
  0x0a, 0xd1, 0x11, 0x13, 0x34, 0xf9, 0x18, 0xfe, 0xca, 0x0c, 0xf2, 0xc2,
  0x10, 0x27, 0x19, 0x37, 0x00, 0x2b, 0xfe, 0xee, 0xfb, 0x0f, 0xfb, 0xfd,
  0x14, 0xf6, 0x0f, 0xd4, 0x0a, 0x11, 0x35, 0xfd, 0xf2, 0xde, 0x05, 0xef,
  0x34, 0x0e, 0x16, 0xb5, 0x86, 0xf7, 0xcd, 0xcb, 0x11, 0x10, 0x12, 0x31,
  0xea, 0x1f, 0x3b, 0x0c, 0xba, 0xbf, 0xdb, 0x1e, 0x15, 0x43, 0x00, 0xed,
  0xee, 0xfa, 0x2d, 0x24, 0x08, 0xf4, 0x0f, 0x05, 0x4d, 0xfe, 0x0d, 0x0d,
  0xde, 0x23, 0x07, 0xd5, 0x12, 0x0e, 0x56, 0xe9, 0xdc, 0x31, 0xe1, 0x04,
  0x1b, 0xce, 0xfd, 0x10, 0x30, 0xff, 0x1e, 0x1a, 0xd4, 0xe4, 0xeb, 0x3a,
  0x52, 0x43, 0x07, 0xeb, 0x34, 0xdb, 0x0d, 0x20, 0xdd, 0x43, 0x45, 0x3e,
  0x0a, 0xe1, 0x4e, 0xc6, 0x42, 0xf6, 0xe9, 0x3f, 0x3e, 0x16, 0x1f, 0x17,
  0x17, 0x06, 0x0f, 0x29, 0xac, 0x43, 0xcb, 0xf2, 0x18, 0xe7, 0xe6, 0xca,
  0xfb, 0xc5, 0xe5, 0x0c, 0xcb, 0x2d, 0x64, 0x45, 0x45, 0xdb, 0x5a, 0x05,
  0x3a, 0x37, 0xfb, 0x6e, 0xf1, 0xef, 0x09, 0x3e, 0x18, 0xe6, 0x1c, 0x39,
  0xbd, 0x5e, 0xf0, 0xd2, 0xfe, 0x0f, 0x26, 0x0b, 0xe0, 0xe0, 0xf9, 0x3d,
  0xc8, 0x1a, 0x5c, 0x61, 0x00, 0xf5, 0x31, 0x28, 0x41, 0x18, 0xf4, 0x10,
  0x3f, 0xdf, 0x1a, 0x18, 0x49, 0x1e, 0xcc, 0x0e, 0x0d, 0x37, 0x24, 0x00,
  0x21, 0x06, 0xcf, 0xba, 0xd6, 0x1f, 0x01, 0xfa, 0x18, 0x22, 0x47, 0x39,
  0xfd, 0xb0, 0xda, 0x0b, 0x7f, 0xdc, 0x2a, 0x43, 0xd5, 0xfa, 0xde, 0x4c,
  0x32, 0x0a, 0x04, 0x25, 0xf5, 0x0d, 0x2a, 0xc5, 0x0a, 0x02, 0x0d, 0xe2,
  0xfd, 0x20, 0x26, 0x22, 0x3d, 0xe7, 0x4b, 0x67, 0xc5, 0xbb, 0x08, 0xdf,
  0x25, 0x27, 0x09, 0x2c, 0xec, 0xc3, 0xcd, 0x17, 0xf6, 0xf6, 0xc5, 0xe1,
  0xe2, 0x38, 0x1a, 0xaa, 0x1f, 0x03, 0xea, 0xea, 0xda, 0x1d, 0x29, 0x53,
  0xda, 0xf6, 0x44, 0x33, 0xfc, 0xa3, 0x0b, 0xf1, 0x27, 0x4c, 0x37, 0x3a,
  0x03, 0x2f, 0xec, 0x3b, 0x28, 0x05, 0x06, 0x01, 0xcb, 0x1c, 0x2e, 0xb9,
  0xf3, 0xf2, 0xb7, 0xb4, 0x21, 0x07, 0xfa, 0x3a, 0xe8, 0xd7, 0xf6, 0x0d,
  0xe8, 0x02, 0x0d, 0xe8, 0xfd, 0x04, 0x28, 0x18, 0xe2, 0x16, 0xe8, 0x05,
  0xf0, 0xbc, 0xe9, 0xc1, 0xcc, 0x9c, 0x3f, 0xe5, 0x03, 0xaf, 0x9e, 0xd8,
  0xed, 0xe8, 0x00, 0xb8, 0x63, 0xf3, 0x2a, 0x04, 0xd6, 0xd9, 0x1a, 0xff,
  0x17, 0x38, 0x04, 0x2d, 0x0b, 0x3f, 0x15, 0x2b, 0x46, 0xe8, 0xa4, 0xed,
  0xac, 0xd0, 0xfe, 0x13, 0x18, 0x0a, 0xfa, 0xfd, 0x14, 0x1d, 0xdd, 0xed,
  0xf7, 0xdd, 0x0c, 0xbf, 0x26, 0x0b, 0x0e, 0xfc, 0x18, 0xfc, 0xbe, 0x3c,
  0xf4, 0x37, 0x18, 0x3c, 0xf9, 0xf4, 0xfe, 0xba, 0xe0, 0xff, 0x02, 0x24,
  0xd6, 0xfb, 0x29, 0xf0, 0xf7, 0x2d, 0xcd, 0x0e, 0xd4, 0xd7, 0x20, 0x1c,
  0xc6, 0xff, 0x00, 0xe9, 0x05, 0xdd, 0x1f, 0x25, 0xea, 0x0b, 0xe9, 0x2e,
  0xb3, 0xf0, 0xfc, 0x35, 0x13, 0xfa, 0xe0, 0xe4, 0xbf, 0x0c, 0x40, 0x22,
  0x04, 0x0e, 0xd2, 0x13, 0xc7, 0xea, 0x34, 0x11, 0xb1, 0xd9, 0x16, 0x0b,
  0xfc, 0xea, 0x25, 0xd8, 0x01, 0x00, 0xf0, 0x2f, 0xf2, 0xe5, 0x0b, 0x30,
  0xed, 0xeb, 0xd6, 0xf4, 0xcf, 0x09, 0x21, 0x08, 0xfb, 0xc9, 0xf0, 0x08,
  0xd2, 0x15, 0xf6, 0xcc, 0xe3, 0xc5, 0x0a, 0xe8, 0xf5, 0xa4, 0xf9, 0x01,
  0x0e, 0x15, 0x09, 0x2b, 0xbc, 0x17, 0xed, 0x16, 0x13, 0x07, 0x2d, 0xf0,
  0xec, 0xee, 0x28, 0x20, 0xfb, 0xe4, 0xd9, 0xeb, 0xcc, 0xfb, 0x0e, 0xcb,
  0xf9, 0xe0, 0x2a, 0xd5, 0x05, 0xd3, 0x30, 0x0e, 0x2a, 0xd9, 0xfa, 0x05,
  0xe7, 0x01, 0x04, 0x26, 0xfa, 0xf8, 0x15, 0x25, 0xfa, 0x2f, 0x20, 0xf1,
  0xda, 0x13, 0xeb, 0x11, 0xf9, 0xd6, 0x0e, 0xf5, 0x10, 0x03, 0x2b, 0xa8,
  0x0a, 0xf7, 0x0b, 0x15, 0x1a, 0xad, 0x0e, 0x09, 0x01, 0x34, 0x10, 0x1a,
  0x81, 0x12, 0x04, 0x23, 0x08, 0xfd, 0xca, 0xbd, 0xe6, 0xbb, 0xe3, 0xef,
  0xd7, 0xe8, 0x26, 0xe9, 0x21, 0x42, 0x12, 0x19, 0x20, 0xda, 0xaf, 0x15,
  0xfb, 0xac, 0x0a, 0x25, 0x38, 0x44, 0x3b, 0x0e, 0xb1, 0xe6, 0xf1, 0xf0,
  0x10, 0x16, 0xde, 0xe2, 0xfd, 0xcc, 0xb0, 0xfc, 0xdd, 0xd1, 0x10, 0x0e,
  0xe2, 0xff, 0x5b, 0x0f, 0x16, 0x1c, 0x58, 0x3b, 0x28, 0x16, 0x25, 0x1a,
  0x49, 0x17, 0xfe, 0x1f, 0x1d, 0xd1, 0x22, 0xfc, 0xd4, 0x07, 0x36, 0x39,
  0x1d, 0x0b, 0xcc, 0x08, 0xe0, 0x60, 0x14, 0xa0, 0x19, 0x14, 0x24, 0xf3,
  0xe4, 0xc9, 0xdc, 0x33, 0xeb, 0x2b, 0xef, 0x1e, 0x16, 0x0e, 0xde, 0xf0,
  0x2a, 0xf4, 0x2a, 0xee, 0x0b, 0xe0, 0x2f, 0x0e, 0x12, 0x07, 0xf0, 0xf0,
  0xe5, 0xfd, 0x49, 0xe1, 0xea, 0xf7, 0xf7, 0xc7, 0x06, 0xd0, 0x0e, 0xe0,
  0xd8, 0xf3, 0xd7, 0x11, 0x2b, 0xcd, 0xf2, 0xe7, 0xf8, 0x2f, 0x37, 0xf5,
  0xf6, 0x15, 0x5a, 0x16, 0xe6, 0xf9, 0xf9, 0x3c, 0xc7, 0x46, 0xf5, 0xd0,
  0x27, 0xe0, 0x04, 0x07, 0x03, 0xbe, 0x30, 0xf8, 0xd8, 0xfc, 0xd4, 0x13,
  0x30, 0xd7, 0x1e, 0x25, 0xf4, 0xf2, 0x0d, 0x17, 0xca, 0xf7, 0x14, 0xf9,
  0xe0, 0xed, 0xfb, 0x21, 0xe0, 0x28, 0xea, 0xe1, 0xf5, 0x03, 0xfa, 0x12,
  0x1c, 0xba, 0x1a, 0xca, 0x03, 0xf4, 0xd6, 0x32, 0xf4, 0xdb, 0xd1, 0x1e,
  0x01, 0x37, 0xf8, 0xff, 0x10, 0xdd, 0x1e, 0x07, 0x15, 0xed, 0xda, 0x0a,
  0xc8, 0x0e, 0xf0, 0x14, 0x1d, 0xee, 0x12, 0x1c, 0x27, 0x0a, 0x47, 0x28,
  0x04, 0xfa, 0xf4, 0x1d, 0x3a, 0xdd, 0xb7, 0xeb, 0xcb, 0x10, 0x3f, 0xf2,
  0xff, 0xde, 0xea, 0x01, 0x36, 0x18, 0xf9, 0xf5, 0xd6, 0x07, 0x1b, 0xd0,
  0x0c, 0x1a, 0xdc, 0x24, 0xef, 0x28, 0x32, 0x34, 0x12, 0xf1, 0xc2, 0x01,
  0xf2, 0xf5, 0xed, 0xcc, 0xdf, 0xe5, 0xf1, 0xfc, 0xd3, 0xe0, 0x20, 0xe8,
  0x10, 0xe4, 0xeb, 0xd2, 0x81, 0xfd, 0xf6, 0x03, 0xe3, 0x13, 0xff, 0x36,
  0x1f, 0x19, 0xff, 0xf6, 0xde, 0xab, 0xf2, 0x1e, 0x33, 0x10, 0x14, 0x1e,
  0xc5, 0xbe, 0x29, 0x23, 0xf5, 0x8d, 0x06, 0x1d, 0xf2, 0xae, 0xbe, 0x0e,
  0xcd, 0x10, 0xf1, 0xc3, 0x03, 0xf8, 0x09, 0x19, 0x21, 0xef, 0x44, 0xfc,
  0x2d, 0xfc, 0xb0, 0xf3, 0x20, 0xd9, 0xfb, 0x23, 0xfa, 0x44, 0x2c, 0xf9,
  0x20, 0xc9, 0x41, 0xe2, 0xd0, 0xf0, 0x0c, 0x07, 0x02, 0x2c, 0xf0, 0xf1,
  0xb1, 0x3e, 0x02, 0x34, 0x32, 0x41, 0x11, 0xcd, 0x0c, 0x1a, 0xba, 0xf6,
  0x14, 0x28, 0xf1, 0x29, 0xfb, 0x14, 0x10, 0xfd, 0x02, 0x2a, 0x33, 0xfd,
  0xd2, 0xdd, 0xf2, 0xba, 0x39, 0xc1, 0x81, 0x00, 0xeb, 0x2e, 0xee, 0xce,
  0x21, 0x10, 0x1b, 0xce, 0x14, 0x22, 0xc3, 0xe7, 0xdf, 0xd6, 0xe7, 0xe1,
  0x38, 0x43, 0x0b, 0x06, 0xc9, 0x3c, 0x14, 0xe4, 0x0d, 0x1b, 0x1c, 0xee,
  0xdd, 0xb7, 0x97, 0xf4, 0xfa, 0x19, 0xe1, 0xf8, 0x1d, 0xc9, 0x30, 0xca,
  0x0e, 0x22, 0x9f, 0x08, 0xeb, 0x20, 0x05, 0xee, 0x1f, 0x2f, 0x26, 0xff,
  0xb2, 0xf5, 0x1c, 0x12, 0x31, 0x05, 0x1a, 0xcb, 0xf6, 0xe3, 0xac, 0xe6,
  0x16, 0x07, 0x62, 0xef, 0xf4, 0xd1, 0x2f, 0x05, 0x0f, 0x34, 0xe6, 0xff,
  0x1a, 0x03, 0xd0, 0x10, 0x17, 0xde, 0x22, 0xf0, 0x0f, 0x18, 0x09, 0xf5,
  0x3b, 0x3c, 0x06, 0x36, 0xc4, 0x21, 0xdc, 0xf4, 0x0f, 0x0d, 0x29, 0x06,
  0xc5, 0xfa, 0x45, 0xd6, 0xf7, 0x16, 0x0b, 0x3d, 0x04, 0x3f, 0xe1, 0xd0,
  0x42, 0xcc, 0x07, 0xea, 0xeb, 0x25, 0x05, 0x3f, 0x0a, 0x3b, 0x19, 0xda,
  0x97, 0xfe, 0x10, 0xe1, 0x0e, 0x07, 0x26, 0x12, 0xfc, 0xd2, 0x03, 0xd6,
  0xef, 0xe9, 0x24, 0x14, 0x54, 0x0d, 0xf3, 0xa8, 0x28, 0xa9, 0x09, 0xef,
  0xd1, 0x00, 0xed, 0x15, 0x32, 0xfe, 0x11, 0xd9, 0xb4, 0xfd, 0x4f, 0xf9,
  0x50, 0x44, 0x1b, 0xd8, 0xaf, 0xcd, 0xf4, 0x1d, 0xe1, 0xcf, 0xcb, 0x11,
  0xc4, 0x6b, 0xa4, 0xc6, 0x17, 0xb6, 0x1b, 0x29, 0x17, 0xe9, 0xfb, 0xf1,
  0x2c, 0xfd, 0x1b, 0x3d, 0xd7, 0xd2, 0x27, 0xc7, 0x0f, 0x14, 0xe1, 0xe5,
  0x73, 0x5c, 0x56, 0x19, 0x1b, 0x6a, 0x42, 0x37, 0x4a, 0xe9, 0xa2, 0xd2,
  0xfe, 0x45, 0x29, 0xf1, 0x08, 0xf6, 0xd6, 0x14, 0x0e, 0x45, 0x14, 0x2d,
  0xd1, 0xf2, 0xfe, 0xcc, 0xe5, 0x00, 0xe9, 0xbf, 0x18, 0xd3, 0x38, 0x20,
  0x00, 0x5f, 0xfd, 0x09, 0xeb, 0x10, 0x1a, 0xce, 0x26, 0x27, 0xd2, 0xf8,
  0xb8, 0x2d, 0x3b, 0x0c, 0x12, 0x7e, 0x60, 0x33, 0xcd, 0x8f, 0x5c, 0xdd,
  0x1d, 0x0f, 0xaf, 0xc2, 0xef, 0xbc, 0x30, 0xe4, 0xd3, 0x39, 0xfb, 0x4a,
  0xcb, 0x4f, 0x12, 0xe1, 0x60, 0xed, 0xce, 0x02, 0xbc, 0x29, 0x12, 0x23,
  0xeb, 0x50, 0x45, 0xe7, 0x0a, 0xce, 0x17, 0xc2, 0xbc, 0xf5, 0xb4, 0xdc,
  0xd4, 0xc2, 0x22, 0xd0, 0xec, 0x44, 0x0e, 0xf1, 0xfa, 0xec, 0x1d, 0x57,
  0x3b, 0xf8, 0xf9, 0xdc, 0xf8, 0xe7, 0x43, 0xf7, 0xde, 0x25, 0xea, 0xd8,
  0xe1, 0x0f, 0x25, 0x9a, 0xc3, 0x33, 0xfa, 0xf1, 0xdc, 0xb7, 0x18, 0xfb,
  0xea, 0x3b, 0xde, 0xbd, 0xfb, 0xef, 0xf0, 0x57, 0x3e, 0x23, 0xde, 0x1b,
  0xd4, 0x29, 0x0f, 0x27, 0x19, 0xd8, 0xc4, 0xe0, 0xc1, 0xea, 0xe0, 0x9d,
  0xf7, 0x6c, 0x46, 0xd3, 0xd9, 0xc7, 0xc6, 0xde, 0xfe, 0x25, 0x08, 0x0c,
  0x0a, 0x2e, 0xea, 0x05, 0x32, 0x0a, 0x0d, 0x1a, 0x00, 0x1b, 0x23, 0x51,
  0x28, 0xbf, 0x19, 0xa1, 0x01, 0x0b, 0x00, 0xb7, 0x17, 0x69, 0xf0, 0xf9,
  0x05, 0xc3, 0xdc, 0x0a, 0x12, 0xfc, 0x10, 0xef, 0x2d, 0x0c, 0x6b, 0x61,
  0x19, 0x0b, 0xf9, 0x24, 0xdd, 0xfb, 0xd8, 0x4c, 0x10, 0xad, 0xe3, 0x19,
  0xa6, 0xf3, 0xdf, 0xc5, 0xe9, 0x62, 0xe8, 0xe4, 0xe3, 0xb8, 0x81, 0xd3,
  0x40, 0x23, 0x59, 0xe1, 0x54, 0x7d, 0x2c, 0x4c, 0x06, 0x48, 0x0c, 0xdf,
  0xcf, 0x4f, 0x48, 0x13, 0x09, 0x94, 0xf5, 0xf8, 0xa2, 0x14, 0x02, 0x31,
  0xde, 0xfe, 0x30, 0xe2, 0x00, 0xf2, 0x4d, 0x25, 0x1a, 0xe8, 0x27, 0x37,
  0x49, 0x04, 0x39, 0xed, 0x1c, 0xf9, 0x35, 0xf6, 0x03, 0x0a, 0xed, 0x2b,
  0x07, 0x12, 0x0b, 0x0c, 0x06, 0x31, 0x7f, 0xd9, 0x09, 0x34, 0x12, 0x00,
  0x07, 0xf2, 0xff, 0x3f, 0xdb, 0x18, 0xf4, 0x22, 0x49, 0xcc, 0xf0, 0xf3,
  0xff, 0xfb, 0x55, 0xb8, 0xfd, 0x01, 0x51, 0x1d, 0xd2, 0x37, 0xf7, 0xeb,
  0xd1, 0xec, 0x1b, 0xe7, 0x4b, 0xf0, 0xf8, 0x07, 0x0e, 0xb1, 0xf8, 0x04,
  0xd7, 0x26, 0x1f, 0xfe, 0x1e, 0xd2, 0xe4, 0xaa, 0x08, 0xfd, 0x4b, 0xb0,
  0xed, 0xf0, 0x2d, 0x1a, 0x0a, 0x42, 0x31, 0x10, 0xf8, 0xf2, 0x18, 0xf3,
  0x17, 0xe6, 0xdf, 0xf0, 0x03, 0xd1, 0x1e, 0xc8, 0xd8, 0x1e, 0x06, 0x0c,
  0x2a, 0xf0, 0x05, 0xd1, 0x11, 0x18, 0x2f, 0xaa, 0xf0, 0x08, 0x02, 0x26,
  0xf9, 0x0f, 0x25, 0xf7, 0xef, 0x24, 0xd2, 0xdf, 0xff, 0x08, 0x18, 0x0b,
  0x32, 0xea, 0x4b, 0xf2, 0x09, 0x17, 0x32, 0xe0, 0xf0, 0x1a, 0xda, 0xf7,
  0x0f, 0xf8, 0xf8, 0xeb, 0xda, 0x1b, 0xf3, 0x37, 0xe7, 0xe1, 0x28, 0x25,
  0xf9, 0x34, 0xe9, 0x0e, 0xfd, 0xf1, 0x54, 0x3f, 0xea, 0xee, 0x2b, 0xc3,
  0x2b, 0xfc, 0xef, 0xd9, 0x00, 0x0f, 0xdf, 0xf5, 0xee, 0xfb, 0x16, 0x00,
  0xe7, 0x48, 0x13, 0x08, 0x29, 0x20, 0x26, 0x3a, 0xee, 0xe5, 0xdf, 0x0a,
  0x05, 0xee, 0x17, 0x28, 0x41, 0x33, 0x6e, 0x07, 0x26, 0xf2, 0xf9, 0xfe,
  0x4b, 0x22, 0xc8, 0xb9, 0xdf, 0xf5, 0xf1, 0x06, 0xf3, 0x38, 0xee, 0x18,
  0x28, 0xec, 0x50, 0xf6, 0x22, 0xf7, 0xe5, 0xff, 0xec, 0x2e, 0x41, 0x2d,
  0xf5, 0x3d, 0x02, 0xfc, 0xf7, 0xff, 0xad, 0x05, 0x23, 0x05, 0xef, 0xfb,
  0xbc, 0xc4, 0x34, 0x16, 0x1d, 0xb4, 0xeb, 0x1a, 0x28, 0xd0, 0x0d, 0x0f,
  0x2a, 0x0a, 0xde, 0xfe, 0x01, 0x45, 0xe0, 0x32, 0xbf, 0x46, 0xc1, 0xd3,
  0xd0, 0x91, 0x00, 0xad, 0x4e, 0x0a, 0x31, 0x94, 0x9a, 0xf6, 0xeb, 0xa0,
  0xb5, 0xa0, 0x20, 0x2e, 0xdc, 0x84, 0x28, 0x02, 0xad, 0xa4, 0x12, 0x96,
  0x24, 0xbf, 0x8e, 0xa8, 0xc6, 0xae, 0x33, 0xef, 0x9e, 0xd2, 0x12, 0x25,
  0xc8, 0x3b, 0xc1, 0xb4, 0xf6, 0xae, 0xc9, 0x47, 0xcb, 0x9a, 0xce, 0x50,
  0x00, 0x45, 0xbe, 0x2f, 0xef, 0x8b, 0x03, 0x0e, 0x01, 0x81, 0x31, 0xa4,
  0x22, 0x06, 0xfc, 0xd8, 0x26, 0x39, 0x2d, 0x0e, 0xd1, 0x13, 0xed, 0xe6,
  0xed, 0x23, 0x06, 0xba, 0x1c, 0xfe, 0x5f, 0x93, 0x06, 0xa6, 0x99, 0x26,
  0x4b, 0x26, 0xad, 0x02, 0xf1, 0xa3, 0x49, 0xd2, 0x28, 0x06, 0xa3, 0x1e,
  0xbd, 0x0c, 0xdc, 0xaf, 0x51, 0xd1, 0x8c, 0xd9, 0xf6, 0xf4, 0xb2, 0xb9,
  0x97, 0x26, 0xb9, 0x22, 0x92, 0x46, 0x07, 0xb2, 0xe8, 0x2c, 0x35, 0xec,
  0xb9, 0xd7, 0x31, 0x2a, 0x0a, 0xde, 0x3b, 0xf7, 0xb3, 0xf1, 0x08, 0xa3,
  0xba, 0xd3, 0x3c, 0x32, 0x42, 0x23, 0x1a, 0xe0, 0xd1, 0x0d, 0x31, 0xdb,
  0x87, 0x35, 0xa5, 0x3e, 0xc2, 0x0f, 0xa7, 0x85, 0x4e, 0x08, 0x02, 0x49,
  0xb2, 0xeb, 0xc0, 0x14, 0xe4, 0x32, 0xe3, 0x54, 0xb0, 0xe8, 0xf4, 0x1f,
  0xfb, 0x02, 0x1a, 0xc0, 0xee, 0xa0, 0x9b, 0xf7, 0x5a, 0xc8, 0x11, 0x87,
  0xa5, 0xa1, 0xaa, 0x35, 0x4f, 0xd5, 0xe6, 0x46, 0xdf, 0x12, 0xde, 0xe3,
  0xc2, 0x34, 0xb5, 0xb3, 0x47, 0x8e, 0x49, 0xb8, 0x1b, 0xcc, 0x1c, 0xa8,
  0x4c, 0x04, 0x0f, 0x8c, 0xde, 0xf1, 0xb8, 0x22, 0x8a, 0xa8, 0xa1, 0xef,
  0xb5, 0xfd, 0xb1, 0xe5, 0x0b, 0x50, 0xc7, 0x24, 0x9b, 0xb0, 0xdf, 0x2f,
  0xba, 0x40, 0xcc, 0x20, 0xb2, 0xfb, 0xf7, 0x99, 0xb8, 0xc2, 0xa6, 0xb9,
  0x2e, 0x32, 0x00, 0xcd, 0x91, 0x03, 0x90, 0x12, 0x22, 0x2e, 0xe5, 0xf3,
  0x53, 0x21, 0xf8, 0x00, 0x2e, 0x0d, 0x40, 0xfb, 0x0b, 0xf0, 0x15, 0x27,
  0xfa, 0xd1, 0x05, 0x4e, 0xde, 0x11, 0x0e, 0xc9, 0x2b, 0x22, 0x2e, 0x0b,
  0xef, 0xf7, 0xb2, 0xf6, 0x54, 0x1b, 0x2a, 0xd5, 0x07, 0xbb, 0xd9, 0x35,
  0xfd, 0x03, 0x18, 0x0e, 0x9a, 0x39, 0xfe, 0xdb, 0xfc, 0x11, 0xbd, 0x50,
  0xf6, 0x23, 0xef, 0x05, 0x0e, 0x2f, 0x27, 0x52, 0xf5, 0xe9, 0x3e, 0xf1,
  0xd7, 0x08, 0x01, 0x21, 0xd8, 0xf4, 0xf8, 0xf2, 0xca, 0x0f, 0x0b, 0xc4,
  0x97, 0x45, 0xe8, 0x19, 0xf1, 0x0b, 0xa7, 0x34, 0xbd, 0x1a, 0xf7, 0x0a,
  0xcb, 0xe5, 0x0d, 0x38, 0xfe, 0x22, 0x1a, 0xca, 0xc6, 0x0c, 0xc1, 0xe7,
  0xfe, 0x0d, 0x06, 0x05, 0xb7, 0xfa, 0xf6, 0xb9, 0xc7, 0x00, 0x0b, 0x12,
  0xfe, 0x22, 0xae, 0x24, 0x08, 0x10, 0x10, 0x1d, 0xe0, 0xf8, 0xca, 0xc5,
  0xc2, 0xfb, 0x11, 0xea, 0xe0, 0x30, 0xcc, 0x39, 0xe1, 0xff, 0x05, 0xcd,
  0xa1, 0x06, 0xea, 0xd9, 0xef, 0xe9, 0x09, 0x01, 0xff, 0x03, 0xde, 0x16,
  0xe4, 0xf6, 0x33, 0xf6, 0xe6, 0xda, 0xb2, 0xee, 0xd9, 0x03, 0xfe, 0xeb,
  0xda, 0x3c, 0xdd, 0xc1, 0x24, 0xee, 0x09, 0x21, 0xdc, 0x02, 0x03, 0x1b,
  0x0d, 0x02, 0x36, 0x08, 0xfc, 0x2a, 0x33, 0x25, 0x19, 0xdd, 0x16, 0x11,
  0xec, 0xf7, 0xb7, 0xf7, 0xf0, 0x07, 0x02, 0xde, 0xd0, 0xfe, 0x05, 0x81,
  0x0b, 0xfe, 0xcd, 0xfc, 0x06, 0x23, 0x20, 0x20, 0x07, 0xdf, 0x40, 0x11,
  0x13, 0x32, 0x1c, 0x17, 0x3a, 0x09, 0x2c, 0xe7, 0xdb, 0xc7, 0xd3, 0xdf,
  0xe6, 0x27, 0xfc, 0x1a, 0xcd, 0x05, 0xe9, 0xfb, 0x27, 0xcc, 0x92, 0x04,
  0x06, 0x43, 0x37, 0x27, 0x18, 0xd7, 0x22, 0x07, 0xec, 0x2c, 0xdd, 0xbd,
  0xd8, 0xe0, 0x21, 0x2a, 0xd9, 0x15, 0xba, 0xf1, 0x0e, 0x17, 0x0a, 0x29,
  0xfc, 0x02, 0xcc, 0x14, 0x33, 0xd7, 0x07, 0xe2, 0xe7, 0xdb, 0x09, 0x0b,
  0x0c, 0xd6, 0xd8, 0x22, 0xf2, 0x5f, 0xf3, 0x05, 0xea, 0xe7, 0x40, 0xd4,
  0x09, 0x23, 0x05, 0x08, 0x17, 0xc8, 0xdf, 0xd9, 0x09, 0xf0, 0x16, 0xf2,
  0x1a, 0x35, 0xeb, 0xf8, 0x31, 0x00, 0xca, 0xe6, 0x24, 0x21, 0x2e, 0x26,
  0xde, 0x20, 0xcb, 0x27, 0xfa, 0xd5, 0x24, 0xc2, 0xe3, 0xe9, 0x3b, 0x00,
  0x15, 0xec, 0xbf, 0xff, 0xf3, 0x36, 0xe7, 0xe8, 0x3b, 0x08, 0x0d, 0xbe,
  0x2f, 0xe3, 0xdc, 0x02, 0x29, 0x29, 0xe9, 0x16, 0xec, 0x18, 0xef, 0x01,
  0xe3, 0x25, 0x4a, 0xce, 0x0d, 0x01, 0xf8, 0x0c, 0xdc, 0x02, 0xf9, 0xd2,
  0x30, 0x45, 0x1b, 0x10, 0x26, 0xf4, 0x0f, 0xe1, 0x13, 0xfb, 0xd2, 0xed,
  0x17, 0x47, 0x25, 0x3a, 0xf1, 0x33, 0x27, 0x0d, 0x08, 0xe3, 0xf5, 0xe0,
  0x09, 0x0c, 0x04, 0xe3, 0xe7, 0xed, 0x01, 0xcc, 0x00, 0x30, 0x2b, 0x15,
  0x1a, 0xeb, 0x0a, 0x19, 0x0a, 0x25, 0xc3, 0x11, 0x10, 0x05, 0x17, 0x39,
  0xea, 0x0f, 0x1f, 0xfd, 0x0a, 0xb2, 0xf8, 0xf9, 0x1d, 0x20, 0x1e, 0xd1,
  0xcb, 0x28, 0xd6, 0x1e, 0x15, 0x33, 0x10, 0x19, 0x06, 0x19, 0xd1, 0xef,
  0xae, 0x07, 0xc4, 0xe4, 0x15, 0xc9, 0x2a, 0xea, 0x35, 0x27, 0x0f, 0xcb,
  0xbf, 0xd3, 0xf8, 0x16, 0x25, 0xfe, 0xfa, 0xe5, 0xb6, 0x24, 0x08, 0xf8,
  0x1e, 0x2f, 0xe0, 0x23, 0x01, 0x0d, 0x18, 0xf5, 0xd7, 0x0f, 0xe4, 0x25,
  0x29, 0xef, 0x4a, 0xe0, 0x0f, 0x0f, 0x02, 0xc2, 0x1a, 0xe6, 0xf7, 0x00,
  0x03, 0xf0, 0x14, 0xe5, 0x81, 0x21, 0x13, 0xe1, 0xfe, 0x2c, 0xe2, 0x38,
  0xf0, 0xe5, 0x02, 0x14, 0xaa, 0xed, 0xfe, 0x12, 0xfc, 0xe0, 0xf5, 0x1c,
  0x10, 0xf0, 0x13, 0x25, 0x02, 0xc0, 0x20, 0xdd, 0x0a, 0x36, 0xed, 0x16,
  0x98, 0xe0, 0x0e, 0xda, 0x22, 0xff, 0x04, 0xe1, 0xdd, 0xe2, 0x15, 0xb0,
  0xff, 0x27, 0xe7, 0xe4, 0xe5, 0x33, 0xe5, 0x2f, 0x1b, 0x2e, 0xb4, 0x1c,
  0xf8, 0x05, 0x2d, 0xed, 0x2d, 0xe7, 0x3b, 0xf3, 0xea, 0xfb, 0x81, 0x47,
  0xcf, 0x07, 0x0b, 0x29, 0x3e, 0x27, 0x06, 0x9d, 0x18, 0xca, 0xfd, 0xf4,
  0xd4, 0x16, 0x17, 0x23, 0xe2, 0x42, 0xd3, 0x4d, 0xdb, 0x23, 0xc6, 0xf5,
  0xe0, 0xe7, 0x0d, 0x49, 0x3b, 0x24, 0xd0, 0x0d, 0xc8, 0x06, 0x28, 0xd2,
  0x33, 0x3a, 0xd6, 0x11, 0x01, 0xe5, 0xe5, 0x19, 0xe9, 0x3b, 0xfd, 0x3a,
  0xc6, 0x16, 0xf8, 0x58, 0xed, 0x24, 0xf8, 0x0f, 0xde, 0xdc, 0xfa, 0xfd,
  0x09, 0x1a, 0x0a, 0x13, 0x16, 0x4b, 0x26, 0xdc, 0x03, 0x22, 0xe0, 0x13,
  0x32, 0xfe, 0xb7, 0xee, 0xea, 0xfb, 0x15, 0x2b, 0xe4, 0xf1, 0xe3, 0x5a,
  0x44, 0xfb, 0xba, 0xfa, 0xf7, 0x11, 0xca, 0x39, 0xf3, 0xfc, 0x27, 0xea,
  0xe1, 0x25, 0xe4, 0xc1, 0x1b, 0x06, 0xcb, 0x39, 0x1f, 0xbd, 0xaa, 0x06,
  0xfd, 0x01, 0x15, 0xfd, 0xb5, 0xdf, 0xdd, 0xfd, 0x29, 0xf3, 0xf3, 0x01,
  0xe8, 0xfe, 0x09, 0x19, 0xf0, 0x27, 0x1d, 0xd6, 0x16, 0x21, 0xc1, 0xd4,
  0xda, 0xee, 0xb2, 0xdb, 0xd8, 0xfc, 0xc7, 0x11, 0x27, 0xbd, 0x43, 0x2b,
  0x11, 0x24, 0xff, 0x13, 0xf8, 0xd9, 0xf6, 0x16, 0xea, 0x00, 0x20, 0x04,
  0xb2, 0x28, 0x09, 0x02, 0xcf, 0x01, 0xd1, 0xd2, 0xcc, 0xdc, 0x9e, 0x22,
  0xa5, 0x2c, 0xfd, 0x22, 0xcf, 0xee, 0x06, 0xff, 0x3c, 0x2c, 0xdb, 0xf7,
  0xba, 0xb3, 0x2a, 0x1f, 0xde, 0x0d, 0xf9, 0x04, 0xd6, 0x27, 0x08, 0x05,
  0x11, 0xcc, 0xfd, 0xda, 0xf7, 0xc6, 0x0a, 0xe6, 0xa9, 0x0c, 0x36, 0x1b,
  0xed, 0xad, 0x08, 0x19, 0xfe, 0x06, 0xd5, 0xfb, 0xd9, 0x00, 0x12, 0x1b,
  0xc5, 0x5a, 0x2d, 0xf8, 0x98, 0x16, 0x0f, 0x22, 0x18, 0x32, 0xd4, 0xfc,
  0xb7, 0x1e, 0x0e, 0xbe, 0xcf, 0x3a, 0xd5, 0x38, 0x01, 0xb4, 0x0e, 0xdc,
  0x47, 0x34, 0xf4, 0x8b, 0x12, 0xbb, 0xe7, 0x42, 0xca, 0x10, 0xf7, 0xf1,
  0x1a, 0xf1, 0x40, 0x05, 0x0c, 0x0a, 0x9c, 0x2c, 0xb1, 0x0c, 0x2b, 0xcb,
  0x99, 0x46, 0x0a, 0x03, 0x16, 0x1d, 0xe0, 0xe0, 0x0b, 0x9d, 0x49, 0xf6,
  0x1a, 0xfa, 0x13, 0x11, 0xcf, 0x0d, 0x1e, 0x81, 0x10, 0xfb, 0x32, 0xc8,
  0x33, 0xe7, 0xb8, 0x37, 0xa7, 0x10, 0x31, 0x37, 0xbc, 0x63, 0x1a, 0x17,
  0xf9, 0xf8, 0xe3, 0xf6, 0xef, 0xce, 0x0d, 0x02, 0x2a, 0x1a, 0xfd, 0x36,
  0xec, 0x68, 0x18, 0xe5, 0xec, 0x1a, 0x1c, 0xfd, 0x10, 0xe5, 0xec, 0xce,
  0xe9, 0x09, 0x26, 0x06, 0x30, 0x31, 0x03, 0x0c, 0x12, 0xe1, 0x16, 0xe8,
  0xeb, 0x9e, 0xd2, 0xfe, 0x34, 0x2b, 0xd8, 0x25, 0x0e, 0x30, 0x3b, 0x07,
  0x0c, 0x04, 0xe4, 0x2a, 0xd9, 0x92, 0xf5, 0xd9, 0xc0, 0x11, 0xe4, 0x25,
  0x07, 0x3a, 0xfc, 0xb4, 0x12, 0x19, 0x2f, 0xc0, 0x46, 0xdf, 0xc3, 0xf8,
  0x58, 0x15, 0xaf, 0xdb, 0xfb, 0x1f, 0x24, 0x2f, 0x37, 0x33, 0xbb, 0xde,
  0x19, 0xda, 0x08, 0x22, 0x27, 0x0b, 0x1a, 0xb9, 0x1f, 0x2a, 0x28, 0xb3,
  0x06, 0x1b, 0x07, 0xdc, 0x16, 0xd0, 0xa7, 0x29, 0x25, 0x31, 0xcb, 0xef,
  0x21, 0xfd, 0x3d, 0x44, 0x1b, 0xf0, 0xd5, 0xea, 0x1f, 0x16, 0xfe, 0xe5,
  0x01, 0xec, 0x15, 0xf8, 0x1d, 0x4f, 0x1a, 0xf4, 0x01, 0x08, 0xa9, 0xcc,
  0xe0, 0xf6, 0x9a, 0x36, 0xfe, 0x4b, 0xd5, 0xcc, 0xc3, 0xfb, 0x2d, 0x65,
  0x5f, 0xb2, 0xff, 0x19, 0xdb, 0xd1, 0x3c, 0x12, 0x50, 0x09, 0x56, 0x19,
  0x22, 0xed, 0xf1, 0x19, 0x1a, 0xfb, 0xeb, 0x02, 0xc6, 0xfb, 0xc9, 0x3b,
  0xd7, 0x34, 0xcb, 0xdf, 0x0b, 0xcb, 0x09, 0x2e, 0x5c, 0xbe, 0xde, 0x2f,
  0xe6, 0x10, 0xfb, 0xd2, 0xde, 0x13, 0x24, 0x5c, 0xfd, 0xac, 0x31, 0x40,
  0x11, 0x45, 0x46, 0x01, 0xaf, 0x88, 0x33, 0x3e, 0x1a, 0x0a, 0x0f, 0x18,
  0x4e, 0xf8, 0xca, 0x1a, 0x13, 0xe7, 0x16, 0xf0, 0xf6, 0xc3, 0x0c, 0xcc,
  0x00, 0xd4, 0xb8, 0x1d, 0x02, 0xc6, 0xe8, 0x5b, 0xc9, 0x0c, 0xdc, 0xaf,
  0x03, 0x01, 0x29, 0x12, 0xc5, 0x19, 0xcb, 0xf0, 0x0f, 0x2c, 0x0c, 0x58,
  0xdf, 0x32, 0x42, 0x16, 0x26, 0xf3, 0x1a, 0x12, 0x22, 0x29, 0xf6, 0x36,
  0x04, 0xe1, 0x12, 0xf7, 0xe7, 0x1d, 0xff, 0xc9, 0xec, 0xcf, 0xef, 0xe2,
  0xf6, 0xc5, 0x21, 0xf2, 0x22, 0x05, 0x03, 0x30, 0x03, 0x1c, 0x50, 0x07,
  0xe7, 0x1e, 0xfe, 0x2a, 0xf1, 0x2c, 0xf3, 0x31, 0xff, 0x0c, 0x0e, 0x33,
  0xe8, 0xdf, 0x21, 0x06, 0x15, 0x2a, 0xf4, 0xdd, 0xfa, 0x2b, 0x19, 0x2a,
  0xe3, 0xfa, 0xce, 0x22, 0x16, 0xd4, 0x3b, 0x27, 0xd8, 0xd9, 0x05, 0xf2,
  0x21, 0x03, 0x05, 0x05, 0x21, 0xf8, 0xe0, 0x08, 0xe7, 0xb4, 0x0e, 0xd5,
  0x0e, 0x12, 0xfa, 0x04, 0x10, 0xdd, 0xc7, 0x22, 0x1c, 0xdb, 0x01, 0x32,
  0xef, 0x0d, 0xdc, 0x14, 0x01, 0xf8, 0xf9, 0xd9, 0x7f, 0x2a, 0x01, 0x4c,
  0xe3, 0xe6, 0xfd, 0x3c, 0x09, 0xeb, 0x07, 0x0d, 0xd9, 0x10, 0x04, 0x04,
  0x34, 0xda, 0x13, 0xdb, 0xfb, 0x1f, 0xfd, 0x06, 0x1b, 0xd5, 0x21, 0x21,
  0xb9, 0xb5, 0x06, 0x15, 0x27, 0x1c, 0x1b, 0x47, 0x03, 0xe9, 0x13, 0x1c,
  0xf7, 0xf5, 0xec, 0xf3, 0xd1, 0xf9, 0x0c, 0x00, 0xf8, 0xff, 0x31, 0xb4,
  0xfb, 0x32, 0x23, 0x3e, 0x28, 0xec, 0xfa, 0x04, 0x09, 0xd8, 0xd4, 0xdb,
  0x32, 0x1a, 0x4f, 0xe8, 0xf9, 0x37, 0xe6, 0x18, 0xfb, 0xe0, 0xfa, 0x16,
  0xcd, 0xe8, 0xfd, 0xfb, 0xe2, 0x00, 0xdd, 0xca, 0xdb, 0xfa, 0x11, 0x1d,
  0x38, 0xe6, 0x08, 0x25, 0x32, 0x14, 0xdb, 0xc7, 0xe4, 0xd7, 0x3a, 0xce,
  0xa3, 0x37, 0x85, 0xe7, 0xe0, 0x1f, 0xea, 0xed, 0x5e, 0x16, 0xe9, 0xb9,
  0x00, 0xb5, 0x03, 0x1a, 0xe6, 0xdd, 0xfc, 0xf4, 0xf6, 0xe5, 0xd1, 0x07,
  0xa2, 0xfc, 0xda, 0xf6, 0xfe, 0x2f, 0x43, 0xc9, 0xda, 0x1c, 0xda, 0x08,
  0x22, 0xf3, 0x36, 0x46, 0x46, 0x12, 0xf7, 0x0f, 0xf0, 0xe5, 0xd2, 0x19,
  0xa6, 0x0b, 0x07, 0xb0, 0x0a, 0xde, 0xc2, 0xea, 0xc6, 0xf5, 0xd9, 0xd7,
  0xd2, 0x4e, 0x14, 0xcb, 0x06, 0x19, 0xe1, 0x09, 0x10, 0x08, 0x14, 0x16,
  0x05, 0xcf, 0xf0, 0x35, 0x10, 0x2d, 0xbc, 0x17, 0x18, 0xe8, 0xae, 0x9d,
  0x02, 0xe6, 0x0f, 0xe4, 0xd0, 0x2b, 0x4e, 0xba, 0x0d, 0x0b, 0xd8, 0x02,
  0x35, 0x18, 0xfb, 0x0f, 0xd9, 0x27, 0x01, 0xef, 0x2d, 0xf6, 0xc2, 0xd9,
  0x54, 0x11, 0x0b, 0x01, 0xd2, 0x18, 0x13, 0xdc, 0x1e, 0x08, 0x19, 0x03,
  0x32, 0xd6, 0x4b, 0x04, 0xc6, 0xd1, 0x15, 0x1f, 0x2b, 0xff, 0xdc, 0x16,
  0xb7, 0x3d, 0x10, 0xed, 0x2a, 0x04, 0xef, 0xe5, 0xf8, 0x60, 0xef, 0xec,
  0xce, 0x34, 0x47, 0x0e, 0x03, 0x00, 0x14, 0xe4, 0x03, 0xd1, 0xdf, 0xbd,
  0xf0, 0xc8, 0xe7, 0xee, 0x2a, 0xf8, 0xdc, 0xeb, 0xfa, 0x39, 0xfd, 0xc0,
  0x47, 0xaf, 0x23, 0x09, 0xe3, 0x18, 0xbb, 0x07, 0xbb, 0x3e, 0x1c, 0x46,
  0x30, 0xbe, 0x22, 0x03, 0x1b, 0x12, 0x01, 0x95, 0xfc, 0xe4, 0xb7, 0xe0,
  0x07, 0x32, 0x41, 0x04, 0xb9, 0x37, 0x07, 0xe0, 0x34, 0xf6, 0xf4, 0xf4,
  0xcc, 0x42, 0x81, 0x2d, 0xc2, 0x36, 0x24, 0x44, 0x40, 0xb6, 0x2a, 0xfd,
  0x07, 0xf6, 0x21, 0xd8, 0xe2, 0x04, 0xfb, 0x0f, 0x4d, 0x2f, 0xbe, 0x0f,
  0xba, 0x0d, 0x1d, 0xfa, 0x40, 0x4e, 0xe0, 0x13, 0x0c, 0x6c, 0xc2, 0xe8,
  0xeb, 0x30, 0x22, 0xfb, 0x0a, 0xa6, 0x23, 0x39, 0xea, 0xfc, 0xff, 0xff,
  0x04, 0x00, 0x00, 0x00, 0x40, 0x00, 0x00, 0x00, 0xb1, 0xfe, 0xff, 0xff,
  0xff, 0x05, 0x00, 0x00, 0x4d, 0x02, 0x00, 0x00, 0x83, 0x00, 0x00, 0x00,
  0x3f, 0x02, 0x00, 0x00, 0x19, 0x03, 0x00, 0x00, 0x03, 0x06, 0x00, 0x00,
  0x0f, 0x06, 0x00, 0x00, 0x6c, 0x03, 0x00, 0x00, 0x92, 0xfb, 0xff, 0xff,
  0x82, 0x01, 0x00, 0x00, 0x97, 0x03, 0x00, 0x00, 0x97, 0x02, 0x00, 0x00,
  0x1c, 0x06, 0x00, 0x00, 0x66, 0x01, 0x00, 0x00, 0x35, 0x04, 0x00, 0x00,
  0x36, 0xfd, 0xff, 0xff, 0x04, 0x00, 0x00, 0x00, 0x60, 0x00, 0x00, 0x00,
  0xba, 0x70, 0xb2, 0x85, 0xec, 0x81, 0x41, 0x37, 0xcc, 0xfc, 0x9a, 0xad,
  0xee, 0x7f, 0x8d, 0x66, 0x3b, 0xef, 0xb4, 0x23, 0x81, 0xcc, 0xb1, 0xce,
  0xde, 0x44, 0xc1, 0xcb, 0x05, 0x4b, 0x53, 0x00, 0x1d, 0xf6, 0xb9, 0xbf,
  0xb7, 0xba, 0xac, 0x39, 0x81, 0x59, 0x35, 0x4b, 0x66, 0xec, 0xea, 0xe1,
  0xa2, 0x7d, 0x85, 0x19, 0x06, 0x48, 0xde, 0x1e, 0xce, 0x62, 0x31, 0xd7,
  0xe3, 0xaa, 0x50, 0x81, 0xde, 0x6c, 0xa3, 0x1c, 0xb7, 0xc2, 0x41, 0xbc,
  0x81, 0x06, 0xb5, 0x3c, 0x5f, 0xcd, 0xfa, 0x3e, 0x22, 0xee, 0x4a, 0xe5,
  0x8c, 0x40, 0x5a, 0x14, 0xdd, 0x3b, 0x9c, 0x55, 0xf7, 0xe6, 0xae, 0x81,
  0xa2, 0xfd, 0xff, 0xff, 0x04, 0x00, 0x00, 0x00, 0x18, 0x00, 0x00, 0x00,
  0xa4, 0x04, 0x00, 0x00, 0xde, 0x05, 0x00, 0x00, 0xaa, 0x08, 0x00, 0x00,
  0x60, 0xf4, 0xff, 0xff, 0x03, 0xfc, 0xff, 0xff, 0xf3, 0xfa, 0xff, 0xff,
  0xc6, 0xfd, 0xff, 0xff, 0x04, 0x00, 0x00, 0x00, 0x04, 0x00, 0x00, 0x00,
  0x00, 0x01, 0x00, 0x00, 0x3c, 0xca, 0xff, 0xff, 0xda, 0xfd, 0xff, 0xff,
  0x04, 0x00, 0x00, 0x00, 0x04, 0x00, 0x00, 0x00, 0x00, 0x00, 0x00, 0x00,
  0xea, 0xfd, 0xff, 0xff, 0x04, 0x00, 0x00, 0x00, 0x0c, 0x00, 0x00, 0x00,
  0xff, 0xff, 0xff, 0xff, 0x08, 0x00, 0x00, 0x00, 0x20, 0x00, 0x00, 0x00,
  0x02, 0xfe, 0xff, 0xff, 0x04, 0x00, 0x00, 0x00, 0x0c, 0x00, 0x00, 0x00,
  0xff, 0xff, 0xff, 0xff, 0x10, 0x00, 0x00, 0x00, 0x20, 0x00, 0x00, 0x00,
  0x1a, 0xfe, 0xff, 0xff, 0x04, 0x00, 0x00, 0x00, 0x0c, 0x00, 0x00, 0x00,
  0xff, 0xff, 0xff, 0xff, 0x20, 0x00, 0x00, 0x00, 0x20, 0x00, 0x00, 0x00,
  0x32, 0xfe, 0xff, 0xff, 0x04, 0x00, 0x00, 0x00, 0x04, 0x00, 0x00, 0x00,
  0x01, 0x00, 0x00, 0x00, 0x42, 0xfe, 0xff, 0xff, 0x04, 0x00, 0x00, 0x00,
  0x0c, 0x00, 0x00, 0x00, 0xff, 0xff, 0xff, 0xff, 0x20, 0x00, 0x00, 0x00,
  0x10, 0x00, 0x00, 0x00, 0x5a, 0xfe, 0xff, 0xff, 0x04, 0x00, 0x00, 0x00,
  0x04, 0x00, 0x00, 0x00, 0xfd, 0xff, 0xff, 0xff, 0xd0, 0xca, 0xff, 0xff,
  0xd4, 0xca, 0xff, 0xff, 0x0f, 0x00, 0x00, 0x00, 0x4d, 0x4c, 0x49, 0x52,
  0x20, 0x43, 0x6f, 0x6e, 0x76, 0x65, 0x72, 0x74, 0x65, 0x64, 0x2e, 0x00,
  0x01, 0x00, 0x00, 0x00, 0x14, 0x00, 0x00, 0x00, 0x00, 0x00, 0x0e, 0x00,
  0x18, 0x00, 0x14, 0x00, 0x10, 0x00, 0x0c, 0x00, 0x08, 0x00, 0x04, 0x00,
  0x0e, 0x00, 0x00, 0x00, 0x14, 0x00, 0x00, 0x00, 0x1c, 0x00, 0x00, 0x00,
  0xc4, 0x05, 0x00, 0x00, 0xc8, 0x05, 0x00, 0x00, 0xcc, 0x05, 0x00, 0x00,
  0x04, 0x00, 0x00, 0x00, 0x6d, 0x61, 0x69, 0x6e, 0x00, 0x00, 0x00, 0x00,
  0x18, 0x00, 0x00, 0x00, 0x7c, 0x05, 0x00, 0x00, 0x1c, 0x05, 0x00, 0x00,
  0xe4, 0x04, 0x00, 0x00, 0xa8, 0x04, 0x00, 0x00, 0x58, 0x04, 0x00, 0x00,
  0x04, 0x04, 0x00, 0x00, 0xdc, 0x03, 0x00, 0x00, 0xac, 0x03, 0x00, 0x00,
  0x58, 0x03, 0x00, 0x00, 0x20, 0x03, 0x00, 0x00, 0xf0, 0x02, 0x00, 0x00,
  0xac, 0x02, 0x00, 0x00, 0x64, 0x02, 0x00, 0x00, 0x3c, 0x02, 0x00, 0x00,
  0x0c, 0x02, 0x00, 0x00, 0xc8, 0x01, 0x00, 0x00, 0xa0, 0x01, 0x00, 0x00,
  0x64, 0x01, 0x00, 0x00, 0x14, 0x01, 0x00, 0x00, 0xd4, 0x00, 0x00, 0x00,
  0xac, 0x00, 0x00, 0x00, 0x70, 0x00, 0x00, 0x00, 0x38, 0x00, 0x00, 0x00,
  0x04, 0x00, 0x00, 0x00, 0x4e, 0xfb, 0xff, 0xff, 0x14, 0x00, 0x00, 0x00,
  0x00, 0x00, 0x00, 0x09, 0x14, 0x00, 0x00, 0x00, 0x18, 0x00, 0x00, 0x00,
  0x09, 0x00, 0x00, 0x00, 0x3e, 0xff, 0xff, 0xff, 0x00, 0x00, 0x80, 0x3f,
  0x01, 0x00, 0x00, 0x00, 0x2f, 0x00, 0x00, 0x00, 0x01, 0x00, 0x00, 0x00,
  0x2e, 0x00, 0x00, 0x00, 0x7e, 0xfb, 0xff, 0xff, 0x14, 0x00, 0x00, 0x00,
  0x00, 0x00, 0x00, 0x08, 0x10, 0x00, 0x00, 0x00, 0x14, 0x00, 0x00, 0x00,
  0x08, 0x00, 0x00, 0x00, 0xd4, 0xcb, 0xff, 0xff, 0x01, 0x00, 0x00, 0x00,
  0x2e, 0x00, 0x00, 0x00, 0x03, 0x00, 0x00, 0x00, 0x2d, 0x00, 0x00, 0x00,
  0x0b, 0x00, 0x00, 0x00, 0x0a, 0x00, 0x00, 0x00, 0xb2, 0xfb, 0xff, 0xff,
  0x14, 0x00, 0x00, 0x00, 0x00, 0x00, 0x00, 0x08, 0x14, 0x00, 0x00, 0x00,
  0x18, 0x00, 0x00, 0x00, 0x08, 0x00, 0x00, 0x00, 0x1a, 0xff, 0xff, 0xff,
  0x00, 0x00, 0x00, 0x01, 0x01, 0x00, 0x00, 0x00, 0x2d, 0x00, 0x00, 0x00,
  0x03, 0x00, 0x00, 0x00, 0x2c, 0x00, 0x00, 0x00, 0x0d, 0x00, 0x00, 0x00,
  0x0c, 0x00, 0x00, 0x00, 0x1a, 0xfc, 0xff, 0xff, 0x0c, 0x00, 0x00, 0x00,
  0x10, 0x00, 0x00, 0x00, 0x02, 0x00, 0x00, 0x00, 0x01, 0x00, 0x00, 0x00,
  0x2c, 0x00, 0x00, 0x00, 0x02, 0x00, 0x00, 0x00, 0x27, 0x00, 0x00, 0x00,
  0x2b, 0x00, 0x00, 0x00, 0xb6, 0xfd, 0xff, 0xff, 0x1c, 0x00, 0x00, 0x00,
  0x00, 0x00, 0x00, 0x3b, 0x1c, 0x00, 0x00, 0x00, 0x20, 0x00, 0x00, 0x00,
  0x07, 0x00, 0x00, 0x00, 0x00, 0x00, 0x06, 0x00, 0x08, 0x00, 0x04, 0x00,
  0x06, 0x00, 0x00, 0x00, 0x02, 0x00, 0x00, 0x00, 0x01, 0x00, 0x00, 0x00,
  0x2b, 0x00, 0x00, 0x00, 0x02, 0x00, 0x00, 0x00, 0x2a, 0x00, 0x00, 0x00,
  0x09, 0x00, 0x00, 0x00, 0xf2, 0xfd, 0xff, 0xff, 0x24, 0x00, 0x00, 0x00,
  0x00, 0x00, 0x00, 0x20, 0x24, 0x00, 0x00, 0x00, 0x28, 0x00, 0x00, 0x00,
  0x06, 0x00, 0x00, 0x00, 0x00, 0x00, 0x0e, 0x00, 0x08, 0x00, 0x00, 0x00,
  0x00, 0x00, 0x00, 0x00, 0x00, 0x00, 0x04, 0x00, 0x0e, 0x00, 0x00, 0x00,
  0x01, 0x00, 0x00, 0x00, 0x01, 0x00, 0x00, 0x00, 0x2a, 0x00, 0x00, 0x00,
  0x04, 0x00, 0x00, 0x00, 0x29, 0x00, 0x00, 0x00, 0x07, 0x00, 0x00, 0x00,
  0x08, 0x00, 0x00, 0x00, 0x08, 0x00, 0x00, 0x00, 0x3e, 0xfe, 0xff, 0xff,
  0x1c, 0x00, 0x00, 0x00, 0x00, 0x00, 0x00, 0x37, 0x1c, 0x00, 0x00, 0x00,
  0x20, 0x00, 0x00, 0x00, 0x05, 0x00, 0x00, 0x00, 0x00, 0x00, 0x06, 0x00,
  0x08, 0x00, 0x07, 0x00, 0x06, 0x00, 0x00, 0x00, 0x00, 0x00, 0x00, 0x02,
  0x01, 0x00, 0x00, 0x00, 0x29, 0x00, 0x00, 0x00, 0x01, 0x00, 0x00, 0x00,
  0x28, 0x00, 0x00, 0x00, 0xfe, 0xfc, 0xff, 0xff, 0x0c, 0x00, 0x00, 0x00,
  0x10, 0x00, 0x00, 0x00, 0x02, 0x00, 0x00, 0x00, 0x01, 0x00, 0x00, 0x00,
  0x28, 0x00, 0x00, 0x00, 0x02, 0x00, 0x00, 0x00, 0x27, 0x00, 0x00, 0x00,
  0x06, 0x00, 0x00, 0x00, 0xf2, 0xfc, 0xff, 0xff, 0x14, 0x00, 0x00, 0x00,
  0x00, 0x00, 0x00, 0x05, 0x24, 0x00, 0x00, 0x00, 0x28, 0x00, 0x00, 0x00,
  0x04, 0x00, 0x00, 0x00, 0x8a, 0xfe, 0xff, 0xff, 0x01, 0x00, 0x00, 0x00,
  0x02, 0x00, 0x00, 0x00, 0x01, 0x00, 0x00, 0x00, 0x02, 0x00, 0x00, 0x00,
  0x00, 0x00, 0x00, 0x01, 0x01, 0x00, 0x00, 0x00, 0x27, 0x00, 0x00, 0x00,
  0x01, 0x00, 0x00, 0x00, 0x26, 0x00, 0x00, 0x00, 0xd6, 0xfc, 0xff, 0xff,
  0x10, 0x00, 0x00, 0x00, 0x00, 0x00, 0x00, 0x34, 0x0c, 0x00, 0x00, 0x00,
  0x10, 0x00, 0x00, 0x00, 0x84, 0xcd, 0xff, 0xff, 0x01, 0x00, 0x00, 0x00,
  0x26, 0x00, 0x00, 0x00, 0x02, 0x00, 0x00, 0x00, 0x25, 0x00, 0x00, 0x00,
  0x03, 0x00, 0x00, 0x00, 0x8e, 0xfd, 0xff, 0xff, 0x0c, 0x00, 0x00, 0x00,
  0x10, 0x00, 0x00, 0x00, 0x02, 0x00, 0x00, 0x00, 0x01, 0x00, 0x00, 0x00,
  0x25, 0x00, 0x00, 0x00, 0x02, 0x00, 0x00, 0x00, 0x24, 0x00, 0x00, 0x00,
  0x05, 0x00, 0x00, 0x00, 0x82, 0xfd, 0xff, 0xff, 0x14, 0x00, 0x00, 0x00,
  0x00, 0x00, 0x00, 0x01, 0x20, 0x00, 0x00, 0x00, 0x24, 0x00, 0x00, 0x00,
  0x01, 0x00, 0x00, 0x00, 0x7c, 0xfe, 0xff, 0xff, 0x00, 0x00, 0x00, 0x01,
  0x01, 0x00, 0x00, 0x00, 0x01, 0x00, 0x00, 0x00, 0x00, 0x00, 0x00, 0x01,
  0x01, 0x00, 0x00, 0x00, 0x24, 0x00, 0x00, 0x00, 0x03, 0x00, 0x00, 0x00,
  0x23, 0x00, 0x00, 0x00, 0x0f, 0x00, 0x00, 0x00, 0x0e, 0x00, 0x00, 0x00,
  0xc6, 0xfd, 0xff, 0xff, 0x14, 0x00, 0x00, 0x00, 0x00, 0x00, 0x00, 0x02,
  0x1c, 0x00, 0x00, 0x00, 0x20, 0x00, 0x00, 0x00, 0x03, 0x00, 0x00, 0x00,
  0x70, 0xfe, 0xff, 0xff, 0x01, 0x00, 0x00, 0x00, 0x01, 0x00, 0x00, 0x00,
  0x01, 0x00, 0x00, 0x00, 0x01, 0x00, 0x00, 0x00, 0x23, 0x00, 0x00, 0x00,
  0x03, 0x00, 0x00, 0x00, 0x22, 0x00, 0x00, 0x00, 0x11, 0x00, 0x00, 0x00,
  0x10, 0x00, 0x00, 0x00, 0xaa, 0xfd, 0xff, 0xff, 0x10, 0x00, 0x00, 0x00,
  0x00, 0x00, 0x00, 0x34, 0x0c, 0x00, 0x00, 0x00, 0x10, 0x00, 0x00, 0x00,
  0x58, 0xce, 0xff, 0xff, 0x01, 0x00, 0x00, 0x00, 0x22, 0x00, 0x00, 0x00,
  0x02, 0x00, 0x00, 0x00, 0x21, 0x00, 0x00, 0x00, 0x03, 0x00, 0x00, 0x00,
  0x62, 0xfe, 0xff, 0xff, 0x0c, 0x00, 0x00, 0x00, 0x10, 0x00, 0x00, 0x00,
  0x02, 0x00, 0x00, 0x00, 0x01, 0x00, 0x00, 0x00, 0x21, 0x00, 0x00, 0x00,
  0x02, 0x00, 0x00, 0x00, 0x20, 0x00, 0x00, 0x00, 0x05, 0x00, 0x00, 0x00,
  0x00, 0x00, 0x0e, 0x00, 0x1a, 0x00, 0x14, 0x00, 0x10, 0x00, 0x0c, 0x00,
  0x0b, 0x00, 0x04, 0x00, 0x0e, 0x00, 0x00, 0x00, 0x24, 0x00, 0x00, 0x00,
  0x00, 0x00, 0x00, 0x05, 0x34, 0x00, 0x00, 0x00, 0x38, 0x00, 0x00, 0x00,
  0x04, 0x00, 0x00, 0x00, 0x00, 0x00, 0x0e, 0x00, 0x18, 0x00, 0x17, 0x00,
  0x10, 0x00, 0x0c, 0x00, 0x08, 0x00, 0x04, 0x00, 0x0e, 0x00, 0x00, 0x00,
  0x01, 0x00, 0x00, 0x00, 0x02, 0x00, 0x00, 0x00, 0x01, 0x00, 0x00, 0x00,
  0x02, 0x00, 0x00, 0x00, 0x00, 0x00, 0x00, 0x01, 0x01, 0x00, 0x00, 0x00,
  0x20, 0x00, 0x00, 0x00, 0x01, 0x00, 0x00, 0x00, 0x1f, 0x00, 0x00, 0x00,
  0x5a, 0xfe, 0xff, 0xff, 0x10, 0x00, 0x00, 0x00, 0x00, 0x00, 0x00, 0x34,
  0x0c, 0x00, 0x00, 0x00, 0x10, 0x00, 0x00, 0x00, 0x08, 0xcf, 0xff, 0xff,
  0x01, 0x00, 0x00, 0x00, 0x1f, 0x00, 0x00, 0x00, 0x02, 0x00, 0x00, 0x00,
  0x1e, 0x00, 0x00, 0x00, 0x03, 0x00, 0x00, 0x00, 0x12, 0xff, 0xff, 0xff,
  0x0c, 0x00, 0x00, 0x00, 0x10, 0x00, 0x00, 0x00, 0x02, 0x00, 0x00, 0x00,
  0x01, 0x00, 0x00, 0x00, 0x1e, 0x00, 0x00, 0x00, 0x02, 0x00, 0x00, 0x00,
  0x1d, 0x00, 0x00, 0x00, 0x04, 0x00, 0x00, 0x00, 0x06, 0xff, 0xff, 0xff,
  0x20, 0x00, 0x00, 0x00, 0x00, 0x00, 0x00, 0x01, 0x2c, 0x00, 0x00, 0x00,
  0x30, 0x00, 0x00, 0x00, 0x01, 0x00, 0x00, 0x00, 0x0c, 0x00, 0x14, 0x00,
  0x13, 0x00, 0x0c, 0x00, 0x08, 0x00, 0x07, 0x00, 0x0c, 0x00, 0x00, 0x00,
  0x00, 0x00, 0x00, 0x01, 0x01, 0x00, 0x00, 0x00, 0x01, 0x00, 0x00, 0x00,
  0x00, 0x00, 0x00, 0x01, 0x01, 0x00, 0x00, 0x00, 0x1d, 0x00, 0x00, 0x00,
  0x03, 0x00, 0x00, 0x00, 0x1c, 0x00, 0x00, 0x00, 0x13, 0x00, 0x00, 0x00,
  0x12, 0x00, 0x00, 0x00, 0x56, 0xff, 0xff, 0xff, 0x20, 0x00, 0x00, 0x00,
  0x00, 0x00, 0x00, 0x02, 0x28, 0x00, 0x00, 0x00, 0x2c, 0x00, 0x00, 0x00,
  0x03, 0x00, 0x00, 0x00, 0x0c, 0x00, 0x10, 0x00, 0x00, 0x00, 0x0c, 0x00,
  0x08, 0x00, 0x04, 0x00, 0x0c, 0x00, 0x00, 0x00, 0x01, 0x00, 0x00, 0x00,
  0x01, 0x00, 0x00, 0x00, 0x01, 0x00, 0x00, 0x00, 0x01, 0x00, 0x00, 0x00,
  0x1c, 0x00, 0x00, 0x00, 0x03, 0x00, 0x00, 0x00, 0x1b, 0x00, 0x00, 0x00,
  0x15, 0x00, 0x00, 0x00, 0x14, 0x00, 0x00, 0x00, 0x46, 0xff, 0xff, 0xff,
  0x10, 0x00, 0x00, 0x00, 0x00, 0x00, 0x00, 0x34, 0x0c, 0x00, 0x00, 0x00,
  0x10, 0x00, 0x00, 0x00, 0xf4, 0xcf, 0xff, 0xff, 0x01, 0x00, 0x00, 0x00,
  0x1b, 0x00, 0x00, 0x00, 0x02, 0x00, 0x00, 0x00, 0x1a, 0x00, 0x00, 0x00,
  0x03, 0x00, 0x00, 0x00, 0x00, 0x00, 0x0a, 0x00, 0x10, 0x00, 0x0c, 0x00,
  0x08, 0x00, 0x04, 0x00, 0x0a, 0x00, 0x00, 0x00, 0x0c, 0x00, 0x00, 0x00,
  0x10, 0x00, 0x00, 0x00, 0x02, 0x00, 0x00, 0x00, 0x01, 0x00, 0x00, 0x00,
  0x1a, 0x00, 0x00, 0x00, 0x02, 0x00, 0x00, 0x00, 0x19, 0x00, 0x00, 0x00,
  0x02, 0x00, 0x00, 0x00, 0x00, 0x00, 0x0e, 0x00, 0x18, 0x00, 0x14, 0x00,
  0x10, 0x00, 0x0c, 0x00, 0x0b, 0x00, 0x04, 0x00, 0x0e, 0x00, 0x00, 0x00,
  0x20, 0x00, 0x00, 0x00, 0x00, 0x00, 0x00, 0x01, 0x28, 0x00, 0x00, 0x00,
  0x2c, 0x00, 0x00, 0x00, 0x01, 0x00, 0x00, 0x00, 0x0c, 0x00, 0x10, 0x00,
  0x00, 0x00, 0x0c, 0x00, 0x08, 0x00, 0x07, 0x00, 0x0c, 0x00, 0x00, 0x00,
  0x00, 0x00, 0x00, 0x01, 0x01, 0x00, 0x00, 0x00, 0x02, 0x00, 0x00, 0x00,
  0x01, 0x00, 0x00, 0x00, 0x19, 0x00, 0x00, 0x00, 0x03, 0x00, 0x00, 0x00,
  0x18, 0x00, 0x00, 0x00, 0x17, 0x00, 0x00, 0x00, 0x16, 0x00, 0x00, 0x00,
  0x00, 0x00, 0x0e, 0x00, 0x14, 0x00, 0x00, 0x00, 0x10, 0x00, 0x0c, 0x00,
  0x0b, 0x00, 0x04, 0x00, 0x0e, 0x00, 0x00, 0x00, 0x10, 0x00, 0x00, 0x00,
  0x00, 0x00, 0x00, 0x34, 0x0c, 0x00, 0x00, 0x00, 0x10, 0x00, 0x00, 0x00,
  0xbc, 0xd0, 0xff, 0xff, 0x01, 0x00, 0x00, 0x00, 0x18, 0x00, 0x00, 0x00,
  0x02, 0x00, 0x00, 0x00, 0x00, 0x00, 0x00, 0x00, 0x01, 0x00, 0x00, 0x00,
  0x01, 0x00, 0x00, 0x00, 0x2f, 0x00, 0x00, 0x00, 0x01, 0x00, 0x00, 0x00,
  0x00, 0x00, 0x00, 0x00, 0x30, 0x00, 0x00, 0x00, 0x70, 0x2f, 0x00, 0x00,
  0xf8, 0x2e, 0x00, 0x00, 0x88, 0x2e, 0x00, 0x00, 0x4c, 0x2e, 0x00, 0x00,
  0xf4, 0x2d, 0x00, 0x00, 0xb4, 0x2d, 0x00, 0x00, 0x54, 0x2d, 0x00, 0x00,
  0xf8, 0x2c, 0x00, 0x00, 0xb8, 0x2c, 0x00, 0x00, 0x64, 0x2c, 0x00, 0x00,
  0xc0, 0x2b, 0x00, 0x00, 0x14, 0x2b, 0x00, 0x00, 0xe0, 0x29, 0x00, 0x00,
  0xbc, 0x28, 0x00, 0x00, 0xc0, 0x25, 0x00, 0x00, 0x34, 0x23, 0x00, 0x00,
  0x60, 0x21, 0x00, 0x00, 0x3c, 0x1f, 0x00, 0x00, 0x28, 0x1c, 0x00, 0x00,
  0x9c, 0x19, 0x00, 0x00, 0x88, 0x18, 0x00, 0x00, 0x38, 0x17, 0x00, 0x00,
  0x18, 0x15, 0x00, 0x00, 0x64, 0x13, 0x00, 0x00, 0xc8, 0x12, 0x00, 0x00,
  0x34, 0x11, 0x00, 0x00, 0xcc, 0x0f, 0x00, 0x00, 0x2c, 0x0f, 0x00, 0x00,
  0x80, 0x0e, 0x00, 0x00, 0xd4, 0x0c, 0x00, 0x00, 0x64, 0x0b, 0x00, 0x00,
  0xc4, 0x0a, 0x00, 0x00, 0x28, 0x0a, 0x00, 0x00, 0x90, 0x09, 0x00, 0x00,
  0xf0, 0x08, 0x00, 0x00, 0x44, 0x08, 0x00, 0x00, 0x98, 0x06, 0x00, 0x00,
  0x20, 0x05, 0x00, 0x00, 0x78, 0x04, 0x00, 0x00, 0xdc, 0x03, 0x00, 0x00,
  0x44, 0x03, 0x00, 0x00, 0xf8, 0x02, 0x00, 0x00, 0xa8, 0x02, 0x00, 0x00,
  0x54, 0x02, 0x00, 0x00, 0xd0, 0x01, 0x00, 0x00, 0x1c, 0x01, 0x00, 0x00,
  0x80, 0x00, 0x00, 0x00, 0x04, 0x00, 0x00, 0x00, 0x66, 0xd1, 0xff, 0xff,
  0x00, 0x00, 0x00, 0x01, 0x18, 0x00, 0x00, 0x00, 0x20, 0x00, 0x00, 0x00,
  0x3c, 0x00, 0x00, 0x00, 0x30, 0x00, 0x00, 0x00, 0x00, 0x00, 0x00, 0x09,
  0x50, 0x00, 0x00, 0x00, 0x02, 0x00, 0x00, 0x00, 0xff, 0xff, 0xff, 0xff,
  0x06, 0x00, 0x00, 0x00, 0x4c, 0xd1, 0xff, 0xff, 0x08, 0x00, 0x00, 0x00,
  0x10, 0x00, 0x00, 0x00, 0x01, 0x00, 0x00, 0x00, 0x80, 0xff, 0xff, 0xff,
  0xff, 0xff, 0xff, 0xff, 0x01, 0x00, 0x00, 0x00, 0x00, 0x00, 0x80, 0x3b,
  0x1b, 0x00, 0x00, 0x00, 0x53, 0x74, 0x61, 0x74, 0x65, 0x66, 0x75, 0x6c,
  0x50, 0x61, 0x72, 0x74, 0x69, 0x74, 0x69, 0x6f, 0x6e, 0x65, 0x64, 0x43,
  0x61, 0x6c, 0x6c, 0x5f, 0x31, 0x3a, 0x30, 0x00, 0x02, 0x00, 0x00, 0x00,
  0x01, 0x00, 0x00, 0x00, 0x06, 0x00, 0x00, 0x00, 0xde, 0xd1, 0xff, 0xff,
  0x00, 0x00, 0x00, 0x01, 0x18, 0x00, 0x00, 0x00, 0x20, 0x00, 0x00, 0x00,
  0x40, 0x00, 0x00, 0x00, 0x2f, 0x00, 0x00, 0x00, 0x00, 0x00, 0x00, 0x09,
  0x70, 0x00, 0x00, 0x00, 0x02, 0x00, 0x00, 0x00, 0xff, 0xff, 0xff, 0xff,
  0x06, 0x00, 0x00, 0x00, 0xc4, 0xd1, 0xff, 0xff, 0x08, 0x00, 0x00, 0x00,
  0x14, 0x00, 0x00, 0x00, 0x01, 0x00, 0x00, 0x00, 0xf6, 0xff, 0xff, 0xff,
  0xff, 0xff, 0xff, 0xff, 0x00, 0x00, 0x00, 0x00, 0x01, 0x00, 0x00, 0x00,
  0x71, 0x40, 0x46, 0x3d, 0x34, 0x00, 0x00, 0x00, 0x77, 0x61, 0x6e, 0x64,
  0x5f, 0x63, 0x6e, 0x6e, 0x5f, 0x31, 0x2f, 0x73, 0x70, 0x65, 0x6c, 0x6c,
  0x5f, 0x31, 0x2f, 0x4d, 0x61, 0x74, 0x4d, 0x75, 0x6c, 0x3b, 0x77, 0x61,
  0x6e, 0x64, 0x5f, 0x63, 0x6e, 0x6e, 0x5f, 0x31, 0x2f, 0x73, 0x70, 0x65,
  0x6c, 0x6c, 0x5f, 0x31, 0x2f, 0x42, 0x69, 0x61, 0x73, 0x41, 0x64, 0x64,
  0x00, 0x00, 0x00, 0x00, 0x02, 0x00, 0x00, 0x00, 0x01, 0x00, 0x00, 0x00,
  0x06, 0x00, 0x00, 0x00, 0x76, 0xd2, 0xff, 0xff, 0x00, 0x00, 0x00, 0x01,
  0x18, 0x00, 0x00, 0x00, 0x20, 0x00, 0x00, 0x00, 0x40, 0x00, 0x00, 0x00,
  0x2e, 0x00, 0x00, 0x00, 0x00, 0x00, 0x00, 0x09, 0x88, 0x00, 0x00, 0x00,
  0x02, 0x00, 0x00, 0x00, 0xff, 0xff, 0xff, 0xff, 0x10, 0x00, 0x00, 0x00,
  0x5c, 0xd2, 0xff, 0xff, 0x08, 0x00, 0x00, 0x00, 0x14, 0x00, 0x00, 0x00,
  0x01, 0x00, 0x00, 0x00, 0x80, 0xff, 0xff, 0xff, 0xff, 0xff, 0xff, 0xff,
  0x00, 0x00, 0x00, 0x00, 0x01, 0x00, 0x00, 0x00, 0xc5, 0x21, 0xe3, 0x3c,
  0x4c, 0x00, 0x00, 0x00, 0x77, 0x61, 0x6e, 0x64, 0x5f, 0x63, 0x6e, 0x6e,
  0x5f, 0x31, 0x2f, 0x64, 0x65, 0x6e, 0x73, 0x65, 0x5f, 0x31, 0x2f, 0x4d,
  0x61, 0x74, 0x4d, 0x75, 0x6c, 0x3b, 0x77, 0x61, 0x6e, 0x64, 0x5f, 0x63,
  0x6e, 0x6e, 0x5f, 0x31, 0x2f, 0x64, 0x65, 0x6e, 0x73, 0x65, 0x5f, 0x31,
  0x2f, 0x52, 0x65, 0x6c, 0x75, 0x3b, 0x77, 0x61, 0x6e, 0x64, 0x5f, 0x63,
  0x6e, 0x6e, 0x5f, 0x31, 0x2f, 0x64, 0x65, 0x6e, 0x73, 0x65, 0x5f, 0x31,
  0x2f, 0x42, 0x69, 0x61, 0x73, 0x41, 0x64, 0x64, 0x00, 0x00, 0x00, 0x00,
  0x02, 0x00, 0x00, 0x00, 0x01, 0x00, 0x00, 0x00, 0x10, 0x00, 0x00, 0x00,
  0x26, 0xd3, 0xff, 0xff, 0x00, 0x00, 0x00, 0x01, 0x18, 0x00, 0x00, 0x00,
  0x20, 0x00, 0x00, 0x00, 0x40, 0x00, 0x00, 0x00, 0x2d, 0x00, 0x00, 0x00,
  0x00, 0x00, 0x00, 0x09, 0x58, 0x00, 0x00, 0x00, 0x02, 0x00, 0x00, 0x00,
  0xff, 0xff, 0xff, 0xff, 0x00, 0x01, 0x00, 0x00, 0x0c, 0xd3, 0xff, 0xff,
  0x08, 0x00, 0x00, 0x00, 0x14, 0x00, 0x00, 0x00, 0x01, 0x00, 0x00, 0x00,
  0x80, 0xff, 0xff, 0xff, 0xff, 0xff, 0xff, 0xff, 0x00, 0x00, 0x00, 0x00,
  0x01, 0x00, 0x00, 0x00, 0xf8, 0x51, 0xca, 0x3c, 0x1c, 0x00, 0x00, 0x00,
  0x77, 0x61, 0x6e, 0x64, 0x5f, 0x63, 0x6e, 0x6e, 0x5f, 0x31, 0x2f, 0x66,
  0x6c, 0x61, 0x74, 0x74, 0x65, 0x6e, 0x5f, 0x31, 0x2f, 0x52, 0x65, 0x73,
  0x68, 0x61, 0x70, 0x65, 0x00, 0x00, 0x00, 0x00, 0x02, 0x00, 0x00, 0x00,
  0x01, 0x00, 0x00, 0x00, 0x00, 0x01, 0x00, 0x00, 0x1a, 0xd4, 0xff, 0xff,
  0x00, 0x00, 0x00, 0x01, 0x14, 0x00, 0x00, 0x00, 0x14, 0x00, 0x00, 0x00,
  0x2c, 0x00, 0x00, 0x00, 0x00, 0x00, 0x00, 0x02, 0x30, 0x00, 0x00, 0x00,
  0x04, 0xd4, 0xff, 0xff, 0x22, 0x00, 0x00, 0x00, 0x77, 0x61, 0x6e, 0x64,
  0x5f, 0x63, 0x6e, 0x6e, 0x5f, 0x31, 0x2f, 0x66, 0x6c, 0x61, 0x74, 0x74,
  0x65, 0x6e, 0x5f, 0x31, 0x2f, 0x52, 0x65, 0x73, 0x68, 0x61, 0x70, 0x65,
  0x2f, 0x73, 0x68, 0x61, 0x70, 0x65, 0x00, 0x00, 0x01, 0x00, 0x00, 0x00,
  0x02, 0x00, 0x00, 0x00, 0x6a, 0xd4, 0xff, 0xff, 0x00, 0x00, 0x00, 0x01,
  0x14, 0x00, 0x00, 0x00, 0x14, 0x00, 0x00, 0x00, 0x2b, 0x00, 0x00, 0x00,
  0x00, 0x00, 0x00, 0x02, 0x30, 0x00, 0x00, 0x00, 0x54, 0xd4, 0xff, 0xff,
  0x22, 0x00, 0x00, 0x00, 0x77, 0x61, 0x6e, 0x64, 0x5f, 0x63, 0x6e, 0x6e,
  0x5f, 0x31, 0x2f, 0x66, 0x6c, 0x61, 0x74, 0x74, 0x65, 0x6e, 0x5f, 0x31,
  0x2f, 0x73, 0x74, 0x72, 0x69, 0x64, 0x65, 0x64, 0x5f, 0x73, 0x6c, 0x69,
  0x63, 0x65, 0x00, 0x00, 0x00, 0x00, 0x00, 0x00, 0xb6, 0xd4, 0xff, 0xff,
  0x00, 0x00, 0x00, 0x01, 0x14, 0x00, 0x00, 0x00, 0x14, 0x00, 0x00, 0x00,
  0x2a, 0x00, 0x00, 0x00, 0x00, 0x00, 0x00, 0x02, 0x28, 0x00, 0x00, 0x00,
  0xa0, 0xd4, 0xff, 0xff, 0x1a, 0x00, 0x00, 0x00, 0x77, 0x61, 0x6e, 0x64,
  0x5f, 0x63, 0x6e, 0x6e, 0x5f, 0x31, 0x2f, 0x66, 0x6c, 0x61, 0x74, 0x74,
  0x65, 0x6e, 0x5f, 0x31, 0x2f, 0x53, 0x68, 0x61, 0x70, 0x65, 0x00, 0x00,
  0x01, 0x00, 0x00, 0x00, 0x03, 0x00, 0x00, 0x00, 0x8a, 0xd4, 0xff, 0xff,
  0x00, 0x00, 0x00, 0x01, 0x18, 0x00, 0x00, 0x00, 0x24, 0x00, 0x00, 0x00,
  0x40, 0x00, 0x00, 0x00, 0x29, 0x00, 0x00, 0x00, 0x00, 0x00, 0x00, 0x09,
  0x68, 0x00, 0x00, 0x00, 0x03, 0x00, 0x00, 0x00, 0xff, 0xff, 0xff, 0xff,
  0x08, 0x00, 0x00, 0x00, 0x20, 0x00, 0x00, 0x00, 0x74, 0xd4, 0xff, 0xff,
  0x08, 0x00, 0x00, 0x00, 0x10, 0x00, 0x00, 0x00, 0x01, 0x00, 0x00, 0x00,
  0x80, 0xff, 0xff, 0xff, 0xff, 0xff, 0xff, 0xff, 0x01, 0x00, 0x00, 0x00,
  0xf8, 0x51, 0xca, 0x3c, 0x2f, 0x00, 0x00, 0x00, 0x77, 0x61, 0x6e, 0x64,
  0x5f, 0x63, 0x6e, 0x6e, 0x5f, 0x31, 0x2f, 0x6d, 0x61, 0x78, 0x5f, 0x70,
  0x6f, 0x6f, 0x6c, 0x69, 0x6e, 0x67, 0x31, 0x64, 0x5f, 0x31, 0x5f, 0x32,
  0x2f, 0x4d, 0x61, 0x78, 0x50, 0x6f, 0x6f, 0x6c, 0x31, 0x64, 0x2f, 0x53,
  0x71, 0x75, 0x65, 0x65, 0x7a, 0x65, 0x31, 0x00, 0x03, 0x00, 0x00, 0x00,
  0x01, 0x00, 0x00, 0x00, 0x08, 0x00, 0x00, 0x00, 0x20, 0x00, 0x00, 0x00,
  0x1e, 0xd5, 0xff, 0xff, 0x00, 0x00, 0x00, 0x01, 0x18, 0x00, 0x00, 0x00,
  0x28, 0x00, 0x00, 0x00, 0x48, 0x00, 0x00, 0x00, 0x28, 0x00, 0x00, 0x00,
  0x00, 0x00, 0x00, 0x09, 0x68, 0x00, 0x00, 0x00, 0x04, 0x00, 0x00, 0x00,
  0xff, 0xff, 0xff, 0xff, 0x01, 0x00, 0x00, 0x00, 0x08, 0x00, 0x00, 0x00,
  0x20, 0x00, 0x00, 0x00, 0x0c, 0xd5, 0xff, 0xff, 0x08, 0x00, 0x00, 0x00,
  0x14, 0x00, 0x00, 0x00, 0x01, 0x00, 0x00, 0x00, 0x80, 0xff, 0xff, 0xff,
  0xff, 0xff, 0xff, 0xff, 0x00, 0x00, 0x00, 0x00, 0x01, 0x00, 0x00, 0x00,
  0xf8, 0x51, 0xca, 0x3c, 0x26, 0x00, 0x00, 0x00, 0x77, 0x61, 0x6e, 0x64,
  0x5f, 0x63, 0x6e, 0x6e, 0x5f, 0x31, 0x2f, 0x6d, 0x61, 0x78, 0x5f, 0x70,
  0x6f, 0x6f, 0x6c, 0x69, 0x6e, 0x67, 0x31, 0x64, 0x5f, 0x31, 0x5f, 0x32,
  0x2f, 0x4d, 0x61, 0x78, 0x50, 0x6f, 0x6f, 0x6c, 0x31, 0x64, 0x00, 0x00,
  0x04, 0x00, 0x00, 0x00, 0x01, 0x00, 0x00, 0x00, 0x01, 0x00, 0x00, 0x00,
  0x08, 0x00, 0x00, 0x00, 0x20, 0x00, 0x00, 0x00, 0xb6, 0xd5, 0xff, 0xff,
  0x00, 0x00, 0x00, 0x01, 0x18, 0x00, 0x00, 0x00, 0x28, 0x00, 0x00, 0x00,
  0x48, 0x00, 0x00, 0x00, 0x27, 0x00, 0x00, 0x00, 0x00, 0x00, 0x00, 0x09,
  0x74, 0x00, 0x00, 0x00, 0x04, 0x00, 0x00, 0x00, 0xff, 0xff, 0xff, 0xff,
  0x01, 0x00, 0x00, 0x00, 0x10, 0x00, 0x00, 0x00, 0x20, 0x00, 0x00, 0x00,
  0xa4, 0xd5, 0xff, 0xff, 0x08, 0x00, 0x00, 0x00, 0x14, 0x00, 0x00, 0x00,
  0x01, 0x00, 0x00, 0x00, 0x80, 0xff, 0xff, 0xff, 0xff, 0xff, 0xff, 0xff,
  0x00, 0x00, 0x00, 0x00, 0x01, 0x00, 0x00, 0x00, 0xf8, 0x51, 0xca, 0x3c,
  0x31, 0x00, 0x00, 0x00, 0x77, 0x61, 0x6e, 0x64, 0x5f, 0x63, 0x6e, 0x6e,
  0x5f, 0x31, 0x2f, 0x6d, 0x61, 0x78, 0x5f, 0x70, 0x6f, 0x6f, 0x6c, 0x69,
  0x6e, 0x67, 0x31, 0x64, 0x5f, 0x31, 0x5f, 0x32, 0x2f, 0x4d, 0x61, 0x78,
  0x50, 0x6f, 0x6f, 0x6c, 0x31, 0x64, 0x2f, 0x45, 0x78, 0x70, 0x61, 0x6e,
  0x64, 0x44, 0x69, 0x6d, 0x73, 0x00, 0x00, 0x00, 0x04, 0x00, 0x00, 0x00,
  0x01, 0x00, 0x00, 0x00, 0x01, 0x00, 0x00, 0x00, 0x10, 0x00, 0x00, 0x00,
  0x20, 0x00, 0x00, 0x00, 0x5a, 0xd6, 0xff, 0xff, 0x00, 0x00, 0x00, 0x01,
  0x18, 0x00, 0x00, 0x00, 0x24, 0x00, 0x00, 0x00, 0x44, 0x00, 0x00, 0x00,
  0x26, 0x00, 0x00, 0x00, 0x00, 0x00, 0x00, 0x09, 0x48, 0x01, 0x00, 0x00,
  0x03, 0x00, 0x00, 0x00, 0xff, 0xff, 0xff, 0xff, 0x10, 0x00, 0x00, 0x00,
  0x20, 0x00, 0x00, 0x00, 0x44, 0xd6, 0xff, 0xff, 0x08, 0x00, 0x00, 0x00,
  0x14, 0x00, 0x00, 0x00, 0x01, 0x00, 0x00, 0x00, 0x80, 0xff, 0xff, 0xff,
  0xff, 0xff, 0xff, 0xff, 0x00, 0x00, 0x00, 0x00, 0x01, 0x00, 0x00, 0x00,
  0xf8, 0x51, 0xca, 0x3c, 0x09, 0x01, 0x00, 0x00, 0x77, 0x61, 0x6e, 0x64,
  0x5f, 0x63, 0x6e, 0x6e, 0x5f, 0x31, 0x2f, 0x72, 0x65, 0x5f, 0x6c, 0x75,
  0x5f, 0x32, 0x5f, 0x31, 0x2f, 0x52, 0x65, 0x6c, 0x75, 0x3b, 0x77, 0x61,
  0x6e, 0x64, 0x5f, 0x63, 0x6e, 0x6e, 0x5f, 0x31, 0x2f, 0x62, 0x61, 0x74,
  0x63, 0x68, 0x5f, 0x6e, 0x6f, 0x72, 0x6d, 0x61, 0x6c, 0x69, 0x7a, 0x61,
  0x74, 0x69, 0x6f, 0x6e, 0x5f, 0x32, 0x5f, 0x31, 0x2f, 0x62, 0x61, 0x74,
  0x63, 0x68, 0x6e, 0x6f, 0x72, 0x6d, 0x2f, 0x61, 0x64, 0x64, 0x5f, 0x31,
  0x3b, 0x77, 0x61, 0x6e, 0x64, 0x5f, 0x63, 0x6e, 0x6e, 0x5f, 0x31, 0x2f,
  0x73, 0x65, 0x70, 0x61, 0x72, 0x61, 0x62, 0x6c, 0x65, 0x5f, 0x63, 0x6f,
  0x6e, 0x76, 0x31, 0x64, 0x5f, 0x31, 0x5f, 0x32, 0x2f, 0x53, 0x71, 0x75,
  0x65, 0x65, 0x7a, 0x65, 0x3b, 0x77, 0x61, 0x6e, 0x64, 0x5f, 0x63, 0x6e,
  0x6e, 0x5f, 0x31, 0x2f, 0x62, 0x61, 0x74, 0x63, 0x68, 0x5f, 0x6e, 0x6f,
  0x72, 0x6d, 0x61, 0x6c, 0x69, 0x7a, 0x61, 0x74, 0x69, 0x6f, 0x6e, 0x5f,
  0x32, 0x5f, 0x31, 0x2f, 0x62, 0x61, 0x74, 0x63, 0x68, 0x6e, 0x6f, 0x72,
  0x6d, 0x2f, 0x6d, 0x75, 0x6c, 0x5f, 0x31, 0x3b, 0x77, 0x61, 0x6e, 0x64,
  0x5f, 0x63, 0x6e, 0x6e, 0x5f, 0x31, 0x2f, 0x62, 0x61, 0x74, 0x63, 0x68,
  0x5f, 0x6e, 0x6f, 0x72, 0x6d, 0x61, 0x6c, 0x69, 0x7a, 0x61, 0x74, 0x69,
  0x6f, 0x6e, 0x5f, 0x32, 0x5f, 0x31, 0x2f, 0x62, 0x61, 0x74, 0x63, 0x68,
  0x6e, 0x6f, 0x72, 0x6d, 0x2f, 0x6d, 0x75, 0x6c, 0x3b, 0x77, 0x61, 0x6e,
  0x64, 0x5f, 0x63, 0x6e, 0x6e, 0x5f, 0x31, 0x2f, 0x62, 0x61, 0x74, 0x63,
  0x68, 0x5f, 0x6e, 0x6f, 0x72, 0x6d, 0x61, 0x6c, 0x69, 0x7a, 0x61, 0x74,
  0x69, 0x6f, 0x6e, 0x5f, 0x32, 0x5f, 0x31, 0x2f, 0x62, 0x61, 0x74, 0x63,
  0x68, 0x6e, 0x6f, 0x72, 0x6d, 0x2f, 0x73, 0x75, 0x62, 0x00, 0x00, 0x00,
  0x03, 0x00, 0x00, 0x00, 0x01, 0x00, 0x00, 0x00, 0x10, 0x00, 0x00, 0x00,
  0x20, 0x00, 0x00, 0x00, 0xce, 0xd7, 0xff, 0xff, 0x00, 0x00, 0x00, 0x01,
  0x18, 0x00, 0x00, 0x00, 0x28, 0x00, 0x00, 0x00, 0x44, 0x00, 0x00, 0x00,
  0x25, 0x00, 0x00, 0x00, 0x00, 0x00, 0x00, 0x09, 0x78, 0x01, 0x00, 0x00,
  0x04, 0x00, 0x00, 0x00, 0xff, 0xff, 0xff, 0xff, 0x01, 0x00, 0x00, 0x00,
  0x10, 0x00, 0x00, 0x00, 0x20, 0x00, 0x00, 0x00, 0xbc, 0xd7, 0xff, 0xff,
  0x08, 0x00, 0x00, 0x00, 0x10, 0x00, 0x00, 0x00, 0x01, 0x00, 0x00, 0x00,
  0x80, 0xff, 0xff, 0xff, 0xff, 0xff, 0xff, 0xff, 0x01, 0x00, 0x00, 0x00,
  0xf8, 0x51, 0xca, 0x3c, 0x3b, 0x01, 0x00, 0x00, 0x77, 0x61, 0x6e, 0x64,
  0x5f, 0x63, 0x6e, 0x6e, 0x5f, 0x31, 0x2f, 0x72, 0x65, 0x5f, 0x6c, 0x75,
  0x5f, 0x32, 0x5f, 0x31, 0x2f, 0x52, 0x65, 0x6c, 0x75, 0x3b, 0x77, 0x61,
  0x6e, 0x64, 0x5f, 0x63, 0x6e, 0x6e, 0x5f, 0x31, 0x2f, 0x62, 0x61, 0x74,
  0x63, 0x68, 0x5f, 0x6e, 0x6f, 0x72, 0x6d, 0x61, 0x6c, 0x69, 0x7a, 0x61,
  0x74, 0x69, 0x6f, 0x6e, 0x5f, 0x32, 0x5f, 0x31, 0x2f, 0x62, 0x61, 0x74,
  0x63, 0x68, 0x6e, 0x6f, 0x72, 0x6d, 0x2f, 0x61, 0x64, 0x64, 0x5f, 0x31,
  0x3b, 0x77, 0x61, 0x6e, 0x64, 0x5f, 0x63, 0x6e, 0x6e, 0x5f, 0x31, 0x2f,
  0x73, 0x65, 0x70, 0x61, 0x72, 0x61, 0x62, 0x6c, 0x65, 0x5f, 0x63, 0x6f,
  0x6e, 0x76, 0x31, 0x64, 0x5f, 0x31, 0x5f, 0x32, 0x2f, 0x53, 0x71, 0x75,
  0x65, 0x65, 0x7a, 0x65, 0x3b, 0x77, 0x61, 0x6e, 0x64, 0x5f, 0x63, 0x6e,
  0x6e, 0x5f, 0x31, 0x2f, 0x62, 0x61, 0x74, 0x63, 0x68, 0x5f, 0x6e, 0x6f,
  0x72, 0x6d, 0x61, 0x6c, 0x69, 0x7a, 0x61, 0x74, 0x69, 0x6f, 0x6e, 0x5f,
  0x32, 0x5f, 0x31, 0x2f, 0x62, 0x61, 0x74, 0x63, 0x68, 0x6e, 0x6f, 0x72,
  0x6d, 0x2f, 0x6d, 0x75, 0x6c, 0x5f, 0x31, 0x3b, 0x77, 0x61, 0x6e, 0x64,
  0x5f, 0x63, 0x6e, 0x6e, 0x5f, 0x31, 0x2f, 0x62, 0x61, 0x74, 0x63, 0x68,
  0x5f, 0x6e, 0x6f, 0x72, 0x6d, 0x61, 0x6c, 0x69, 0x7a, 0x61, 0x74, 0x69,
  0x6f, 0x6e, 0x5f, 0x32, 0x5f, 0x31, 0x2f, 0x62, 0x61, 0x74, 0x63, 0x68,
  0x6e, 0x6f, 0x72, 0x6d, 0x2f, 0x6d, 0x75, 0x6c, 0x3b, 0x77, 0x61, 0x6e,
  0x64, 0x5f, 0x63, 0x6e, 0x6e, 0x5f, 0x31, 0x2f, 0x62, 0x61, 0x74, 0x63,
  0x68, 0x5f, 0x6e, 0x6f, 0x72, 0x6d, 0x61, 0x6c, 0x69, 0x7a, 0x61, 0x74,
  0x69, 0x6f, 0x6e, 0x5f, 0x32, 0x5f, 0x31, 0x2f, 0x62, 0x61, 0x74, 0x63,
  0x68, 0x6e, 0x6f, 0x72, 0x6d, 0x2f, 0x73, 0x75, 0x62, 0x3b, 0x77, 0x61,
  0x6e, 0x64, 0x5f, 0x63, 0x6e, 0x6e, 0x5f, 0x31, 0x2f, 0x73, 0x65, 0x70,
  0x61, 0x72, 0x61, 0x62, 0x6c, 0x65, 0x5f, 0x63, 0x6f, 0x6e, 0x76, 0x31,
  0x64, 0x5f, 0x31, 0x5f, 0x32, 0x2f, 0x73, 0x65, 0x70, 0x61, 0x72, 0x61,
  0x62, 0x6c, 0x65, 0x5f, 0x63, 0x6f, 0x6e, 0x76, 0x32, 0x64, 0x31, 0x00,
  0x04, 0x00, 0x00, 0x00, 0x01, 0x00, 0x00, 0x00, 0x01, 0x00, 0x00, 0x00,
  0x10, 0x00, 0x00, 0x00, 0x20, 0x00, 0x00, 0x00, 0x76, 0xd9, 0xff, 0xff,
  0x00, 0x00, 0x00, 0x01, 0x18, 0x00, 0x00, 0x00, 0x28, 0x00, 0x00, 0x00,
  0x44, 0x00, 0x00, 0x00, 0x24, 0x00, 0x00, 0x00, 0x00, 0x00, 0x00, 0x09,
  0x78, 0x00, 0x00, 0x00, 0x04, 0x00, 0x00, 0x00, 0xff, 0xff, 0xff, 0xff,
  0x01, 0x00, 0x00, 0x00, 0x10, 0x00, 0x00, 0x00, 0x20, 0x00, 0x00, 0x00,
  0x64, 0xd9, 0xff, 0xff, 0x08, 0x00, 0x00, 0x00, 0x10, 0x00, 0x00, 0x00,
  0x01, 0x00, 0x00, 0x00, 0x12, 0x00, 0x00, 0x00, 0x00, 0x00, 0x00, 0x00,
  0x01, 0x00, 0x00, 0x00, 0x0d, 0x15, 0x72, 0x3c, 0x3b, 0x00, 0x00, 0x00,
  0x77, 0x61, 0x6e, 0x64, 0x5f, 0x63, 0x6e, 0x6e, 0x5f, 0x31, 0x2f, 0x73,
  0x65, 0x70, 0x61, 0x72, 0x61, 0x62, 0x6c, 0x65, 0x5f, 0x63, 0x6f, 0x6e,
  0x76, 0x31, 0x64, 0x5f, 0x31, 0x5f, 0x32, 0x2f, 0x73, 0x65, 0x70, 0x61,
  0x72, 0x61, 0x62, 0x6c, 0x65, 0x5f, 0x63, 0x6f, 0x6e, 0x76, 0x32, 0x64,
  0x2f, 0x64, 0x65, 0x70, 0x74, 0x68, 0x77, 0x69, 0x73, 0x65, 0x31, 0x00,
  0x04, 0x00, 0x00, 0x00, 0x01, 0x00, 0x00, 0x00, 0x01, 0x00, 0x00, 0x00,
  0x10, 0x00, 0x00, 0x00, 0x20, 0x00, 0x00, 0x00, 0x1e, 0xda, 0xff, 0xff,
  0x00, 0x00, 0x00, 0x01, 0x18, 0x00, 0x00, 0x00, 0x28, 0x00, 0x00, 0x00,
  0x48, 0x00, 0x00, 0x00, 0x23, 0x00, 0x00, 0x00, 0x00, 0x00, 0x00, 0x09,
  0x6c, 0x00, 0x00, 0x00, 0x04, 0x00, 0x00, 0x00, 0xff, 0xff, 0xff, 0xff,
  0x01, 0x00, 0x00, 0x00, 0x10, 0x00, 0x00, 0x00, 0x20, 0x00, 0x00, 0x00,
  0x0c, 0xda, 0xff, 0xff, 0x08, 0x00, 0x00, 0x00, 0x14, 0x00, 0x00, 0x00,
  0x01, 0x00, 0x00, 0x00, 0x80, 0xff, 0xff, 0xff, 0xff, 0xff, 0xff, 0xff,
  0x00, 0x00, 0x00, 0x00, 0x01, 0x00, 0x00, 0x00, 0x3b, 0xc8, 0xdc, 0x3c,
  0x2a, 0x00, 0x00, 0x00, 0x77, 0x61, 0x6e, 0x64, 0x5f, 0x63, 0x6e, 0x6e,
  0x5f, 0x31, 0x2f, 0x73, 0x65, 0x70, 0x61, 0x72, 0x61, 0x62, 0x6c, 0x65,
  0x5f, 0x63, 0x6f, 0x6e, 0x76, 0x31, 0x64, 0x5f, 0x31, 0x5f, 0x32, 0x2f,
  0x45, 0x78, 0x70, 0x61, 0x6e, 0x64, 0x44, 0x69, 0x6d, 0x73, 0x00, 0x00,
  0x04, 0x00, 0x00, 0x00, 0x01, 0x00, 0x00, 0x00, 0x01, 0x00, 0x00, 0x00,
  0x10, 0x00, 0x00, 0x00, 0x20, 0x00, 0x00, 0x00, 0xba, 0xda, 0xff, 0xff,
  0x00, 0x00, 0x00, 0x01, 0x18, 0x00, 0x00, 0x00, 0x24, 0x00, 0x00, 0x00,
  0x40, 0x00, 0x00, 0x00, 0x22, 0x00, 0x00, 0x00, 0x00, 0x00, 0x00, 0x09,
  0x68, 0x00, 0x00, 0x00, 0x03, 0x00, 0x00, 0x00, 0xff, 0xff, 0xff, 0xff,
  0x10, 0x00, 0x00, 0x00, 0x20, 0x00, 0x00, 0x00, 0xa4, 0xda, 0xff, 0xff,
  0x08, 0x00, 0x00, 0x00, 0x10, 0x00, 0x00, 0x00, 0x01, 0x00, 0x00, 0x00,
  0x80, 0xff, 0xff, 0xff, 0xff, 0xff, 0xff, 0xff, 0x01, 0x00, 0x00, 0x00,
  0x3b, 0xc8, 0xdc, 0x3c, 0x2c, 0x00, 0x00, 0x00, 0x77, 0x61, 0x6e, 0x64,
  0x5f, 0x63, 0x6e, 0x6e, 0x5f, 0x31, 0x2f, 0x6d, 0x61, 0x78, 0x5f, 0x70,
  0x6f, 0x6f, 0x6c, 0x69, 0x6e, 0x67, 0x31, 0x64, 0x5f, 0x31, 0x2f, 0x4d,
  0x61, 0x78, 0x50, 0x6f, 0x6f, 0x6c, 0x31, 0x64, 0x2f, 0x53, 0x71, 0x75,
  0x65, 0x65, 0x7a, 0x65, 0x00, 0x00, 0x00, 0x00, 0x03, 0x00, 0x00, 0x00,
  0x01, 0x00, 0x00, 0x00, 0x10, 0x00, 0x00, 0x00, 0x20, 0x00, 0x00, 0x00,
  0x4e, 0xdb, 0xff, 0xff, 0x00, 0x00, 0x00, 0x01, 0x18, 0x00, 0x00, 0x00,
  0x28, 0x00, 0x00, 0x00, 0x48, 0x00, 0x00, 0x00, 0x21, 0x00, 0x00, 0x00,
  0x00, 0x00, 0x00, 0x09, 0x68, 0x00, 0x00, 0x00, 0x04, 0x00, 0x00, 0x00,
  0xff, 0xff, 0xff, 0xff, 0x01, 0x00, 0x00, 0x00, 0x10, 0x00, 0x00, 0x00,
  0x20, 0x00, 0x00, 0x00, 0x3c, 0xdb, 0xff, 0xff, 0x08, 0x00, 0x00, 0x00,
  0x14, 0x00, 0x00, 0x00, 0x01, 0x00, 0x00, 0x00, 0x80, 0xff, 0xff, 0xff,
  0xff, 0xff, 0xff, 0xff, 0x00, 0x00, 0x00, 0x00, 0x01, 0x00, 0x00, 0x00,
  0x3b, 0xc8, 0xdc, 0x3c, 0x24, 0x00, 0x00, 0x00, 0x77, 0x61, 0x6e, 0x64,
  0x5f, 0x63, 0x6e, 0x6e, 0x5f, 0x31, 0x2f, 0x6d, 0x61, 0x78, 0x5f, 0x70,
  0x6f, 0x6f, 0x6c, 0x69, 0x6e, 0x67, 0x31, 0x64, 0x5f, 0x31, 0x2f, 0x4d,
  0x61, 0x78, 0x50, 0x6f, 0x6f, 0x6c, 0x31, 0x64, 0x00, 0x00, 0x00, 0x00,
  0x04, 0x00, 0x00, 0x00, 0x01, 0x00, 0x00, 0x00, 0x01, 0x00, 0x00, 0x00,
  0x10, 0x00, 0x00, 0x00, 0x20, 0x00, 0x00, 0x00, 0xe6, 0xdb, 0xff, 0xff,
  0x00, 0x00, 0x00, 0x01, 0x18, 0x00, 0x00, 0x00, 0x28, 0x00, 0x00, 0x00,
  0x44, 0x00, 0x00, 0x00, 0x20, 0x00, 0x00, 0x00, 0x00, 0x00, 0x00, 0x09,
  0x6c, 0x00, 0x00, 0x00, 0x04, 0x00, 0x00, 0x00, 0xff, 0xff, 0xff, 0xff,
  0x01, 0x00, 0x00, 0x00, 0x20, 0x00, 0x00, 0x00, 0x20, 0x00, 0x00, 0x00,
  0xd4, 0xdb, 0xff, 0xff, 0x08, 0x00, 0x00, 0x00, 0x10, 0x00, 0x00, 0x00,
  0x01, 0x00, 0x00, 0x00, 0x80, 0xff, 0xff, 0xff, 0xff, 0xff, 0xff, 0xff,
  0x01, 0x00, 0x00, 0x00, 0x3b, 0xc8, 0xdc, 0x3c, 0x2f, 0x00, 0x00, 0x00,
  0x77, 0x61, 0x6e, 0x64, 0x5f, 0x63, 0x6e, 0x6e, 0x5f, 0x31, 0x2f, 0x6d,
  0x61, 0x78, 0x5f, 0x70, 0x6f, 0x6f, 0x6c, 0x69, 0x6e, 0x67, 0x31, 0x64,
  0x5f, 0x31, 0x2f, 0x4d, 0x61, 0x78, 0x50, 0x6f, 0x6f, 0x6c, 0x31, 0x64,
  0x2f, 0x45, 0x78, 0x70, 0x61, 0x6e, 0x64, 0x44, 0x69, 0x6d, 0x73, 0x00,
  0x04, 0x00, 0x00, 0x00, 0x01, 0x00, 0x00, 0x00, 0x01, 0x00, 0x00, 0x00,
  0x20, 0x00, 0x00, 0x00, 0x20, 0x00, 0x00, 0x00, 0x82, 0xdc, 0xff, 0xff,
  0x00, 0x00, 0x00, 0x01, 0x18, 0x00, 0x00, 0x00, 0x24, 0x00, 0x00, 0x00,
  0x40, 0x00, 0x00, 0x00, 0x1f, 0x00, 0x00, 0x00, 0x00, 0x00, 0x00, 0x09,
  0x40, 0x01, 0x00, 0x00, 0x03, 0x00, 0x00, 0x00, 0xff, 0xff, 0xff, 0xff,
  0x20, 0x00, 0x00, 0x00, 0x20, 0x00, 0x00, 0x00, 0x6c, 0xdc, 0xff, 0xff,
  0x08, 0x00, 0x00, 0x00, 0x10, 0x00, 0x00, 0x00, 0x01, 0x00, 0x00, 0x00,
  0x80, 0xff, 0xff, 0xff, 0xff, 0xff, 0xff, 0xff, 0x01, 0x00, 0x00, 0x00,
  0x3b, 0xc8, 0xdc, 0x3c, 0x07, 0x01, 0x00, 0x00, 0x77, 0x61, 0x6e, 0x64,
  0x5f, 0x63, 0x6e, 0x6e, 0x5f, 0x31, 0x2f, 0x72, 0x65, 0x5f, 0x6c, 0x75,
  0x5f, 0x31, 0x5f, 0x32, 0x2f, 0x52, 0x65, 0x6c, 0x75, 0x3b, 0x77, 0x61,
  0x6e, 0x64, 0x5f, 0x63, 0x6e, 0x6e, 0x5f, 0x31, 0x2f, 0x62, 0x61, 0x74,
  0x63, 0x68, 0x5f, 0x6e, 0x6f, 0x72, 0x6d, 0x61, 0x6c, 0x69, 0x7a, 0x61,
  0x74, 0x69, 0x6f, 0x6e, 0x5f, 0x31, 0x5f, 0x32, 0x2f, 0x62, 0x61, 0x74,
  0x63, 0x68, 0x6e, 0x6f, 0x72, 0x6d, 0x2f, 0x61, 0x64, 0x64, 0x5f, 0x31,
  0x3b, 0x77, 0x61, 0x6e, 0x64, 0x5f, 0x63, 0x6e, 0x6e, 0x5f, 0x31, 0x2f,
  0x73, 0x65, 0x70, 0x61, 0x72, 0x61, 0x62, 0x6c, 0x65, 0x5f, 0x63, 0x6f,
  0x6e, 0x76, 0x31, 0x64, 0x5f, 0x31, 0x2f, 0x53, 0x71, 0x75, 0x65, 0x65,
  0x7a, 0x65, 0x3b, 0x77, 0x61, 0x6e, 0x64, 0x5f, 0x63, 0x6e, 0x6e, 0x5f,
  0x31, 0x2f, 0x62, 0x61, 0x74, 0x63, 0x68, 0x5f, 0x6e, 0x6f, 0x72, 0x6d,
  0x61, 0x6c, 0x69, 0x7a, 0x61, 0x74, 0x69, 0x6f, 0x6e, 0x5f, 0x31, 0x5f,
  0x32, 0x2f, 0x62, 0x61, 0x74, 0x63, 0x68, 0x6e, 0x6f, 0x72, 0x6d, 0x2f,
  0x6d, 0x75, 0x6c, 0x5f, 0x31, 0x3b, 0x77, 0x61, 0x6e, 0x64, 0x5f, 0x63,
  0x6e, 0x6e, 0x5f, 0x31, 0x2f, 0x62, 0x61, 0x74, 0x63, 0x68, 0x5f, 0x6e,
  0x6f, 0x72, 0x6d, 0x61, 0x6c, 0x69, 0x7a, 0x61, 0x74, 0x69, 0x6f, 0x6e,
  0x5f, 0x31, 0x5f, 0x32, 0x2f, 0x62, 0x61, 0x74, 0x63, 0x68, 0x6e, 0x6f,
  0x72, 0x6d, 0x2f, 0x6d, 0x75, 0x6c, 0x3b, 0x77, 0x61, 0x6e, 0x64, 0x5f,
  0x63, 0x6e, 0x6e, 0x5f, 0x31, 0x2f, 0x62, 0x61, 0x74, 0x63, 0x68, 0x5f,
  0x6e, 0x6f, 0x72, 0x6d, 0x61, 0x6c, 0x69, 0x7a, 0x61, 0x74, 0x69, 0x6f,
  0x6e, 0x5f, 0x31, 0x5f, 0x32, 0x2f, 0x62, 0x61, 0x74, 0x63, 0x68, 0x6e,
  0x6f, 0x72, 0x6d, 0x2f, 0x73, 0x75, 0x62, 0x00, 0x03, 0x00, 0x00, 0x00,
  0x01, 0x00, 0x00, 0x00, 0x20, 0x00, 0x00, 0x00, 0x20, 0x00, 0x00, 0x00,
  0xee, 0xdd, 0xff, 0xff, 0x00, 0x00, 0x00, 0x01, 0x18, 0x00, 0x00, 0x00,
  0x28, 0x00, 0x00, 0x00, 0x48, 0x00, 0x00, 0x00, 0x1e, 0x00, 0x00, 0x00,
  0x00, 0x00, 0x00, 0x09, 0x78, 0x01, 0x00, 0x00, 0x04, 0x00, 0x00, 0x00,
  0xff, 0xff, 0xff, 0xff, 0x01, 0x00, 0x00, 0x00, 0x20, 0x00, 0x00, 0x00,
  0x20, 0x00, 0x00, 0x00, 0xdc, 0xdd, 0xff, 0xff, 0x08, 0x00, 0x00, 0x00,
  0x14, 0x00, 0x00, 0x00, 0x01, 0x00, 0x00, 0x00, 0x80, 0xff, 0xff, 0xff,
  0xff, 0xff, 0xff, 0xff, 0x00, 0x00, 0x00, 0x00, 0x01, 0x00, 0x00, 0x00,
  0x3b, 0xc8, 0xdc, 0x3c, 0x37, 0x01, 0x00, 0x00, 0x77, 0x61, 0x6e, 0x64,
  0x5f, 0x63, 0x6e, 0x6e, 0x5f, 0x31, 0x2f, 0x72, 0x65, 0x5f, 0x6c, 0x75,
  0x5f, 0x31, 0x5f, 0x32, 0x2f, 0x52, 0x65, 0x6c, 0x75, 0x3b, 0x77, 0x61,
  0x6e, 0x64, 0x5f, 0x63, 0x6e, 0x6e, 0x5f, 0x31, 0x2f, 0x62, 0x61, 0x74,
  0x63, 0x68, 0x5f, 0x6e, 0x6f, 0x72, 0x6d, 0x61, 0x6c, 0x69, 0x7a, 0x61,
  0x74, 0x69, 0x6f, 0x6e, 0x5f, 0x31, 0x5f, 0x32, 0x2f, 0x62, 0x61, 0x74,
  0x63, 0x68, 0x6e, 0x6f, 0x72, 0x6d, 0x2f, 0x61, 0x64, 0x64, 0x5f, 0x31,
  0x3b, 0x77, 0x61, 0x6e, 0x64, 0x5f, 0x63, 0x6e, 0x6e, 0x5f, 0x31, 0x2f,
  0x73, 0x65, 0x70, 0x61, 0x72, 0x61, 0x62, 0x6c, 0x65, 0x5f, 0x63, 0x6f,
  0x6e, 0x76, 0x31, 0x64, 0x5f, 0x31, 0x2f, 0x53, 0x71, 0x75, 0x65, 0x65,
  0x7a, 0x65, 0x3b, 0x77, 0x61, 0x6e, 0x64, 0x5f, 0x63, 0x6e, 0x6e, 0x5f,
  0x31, 0x2f, 0x62, 0x61, 0x74, 0x63, 0x68, 0x5f, 0x6e, 0x6f, 0x72, 0x6d,
  0x61, 0x6c, 0x69, 0x7a, 0x61, 0x74, 0x69, 0x6f, 0x6e, 0x5f, 0x31, 0x5f,
  0x32, 0x2f, 0x62, 0x61, 0x74, 0x63, 0x68, 0x6e, 0x6f, 0x72, 0x6d, 0x2f,
  0x6d, 0x75, 0x6c, 0x5f, 0x31, 0x3b, 0x77, 0x61, 0x6e, 0x64, 0x5f, 0x63,
  0x6e, 0x6e, 0x5f, 0x31, 0x2f, 0x62, 0x61, 0x74, 0x63, 0x68, 0x5f, 0x6e,
  0x6f, 0x72, 0x6d, 0x61, 0x6c, 0x69, 0x7a, 0x61, 0x74, 0x69, 0x6f, 0x6e,
  0x5f, 0x31, 0x5f, 0x32, 0x2f, 0x62, 0x61, 0x74, 0x63, 0x68, 0x6e, 0x6f,
  0x72, 0x6d, 0x2f, 0x6d, 0x75, 0x6c, 0x3b, 0x77, 0x61, 0x6e, 0x64, 0x5f,
  0x63, 0x6e, 0x6e, 0x5f, 0x31, 0x2f, 0x62, 0x61, 0x74, 0x63, 0x68, 0x5f,
  0x6e, 0x6f, 0x72, 0x6d, 0x61, 0x6c, 0x69, 0x7a, 0x61, 0x74, 0x69, 0x6f,
  0x6e, 0x5f, 0x31, 0x5f, 0x32, 0x2f, 0x62, 0x61, 0x74, 0x63, 0x68, 0x6e,
  0x6f, 0x72, 0x6d, 0x2f, 0x73, 0x75, 0x62, 0x3b, 0x77, 0x61, 0x6e, 0x64,
  0x5f, 0x63, 0x6e, 0x6e, 0x5f, 0x31, 0x2f, 0x73, 0x65, 0x70, 0x61, 0x72,
  0x61, 0x62, 0x6c, 0x65, 0x5f, 0x63, 0x6f, 0x6e, 0x76, 0x31, 0x64, 0x5f,
  0x31, 0x2f, 0x73, 0x65, 0x70, 0x61, 0x72, 0x61, 0x62, 0x6c, 0x65, 0x5f,
  0x63, 0x6f, 0x6e, 0x76, 0x32, 0x64, 0x31, 0x00, 0x04, 0x00, 0x00, 0x00,
  0x01, 0x00, 0x00, 0x00, 0x01, 0x00, 0x00, 0x00, 0x20, 0x00, 0x00, 0x00,
  0x20, 0x00, 0x00, 0x00, 0x96, 0xdf, 0xff, 0xff, 0x00, 0x00, 0x00, 0x01,
  0x18, 0x00, 0x00, 0x00, 0x28, 0x00, 0x00, 0x00, 0x44, 0x00, 0x00, 0x00,
  0x1d, 0x00, 0x00, 0x00, 0x00, 0x00, 0x00, 0x09, 0x78, 0x00, 0x00, 0x00,
  0x04, 0x00, 0x00, 0x00, 0xff, 0xff, 0xff, 0xff, 0x01, 0x00, 0x00, 0x00,
  0x20, 0x00, 0x00, 0x00, 0x10, 0x00, 0x00, 0x00, 0x84, 0xdf, 0xff, 0xff,
  0x08, 0x00, 0x00, 0x00, 0x10, 0x00, 0x00, 0x00, 0x01, 0x00, 0x00, 0x00,
  0xdf, 0xff, 0xff, 0xff, 0xff, 0xff, 0xff, 0xff, 0x01, 0x00, 0x00, 0x00,
  0xe3, 0xf6, 0xc8, 0x3c, 0x39, 0x00, 0x00, 0x00, 0x77, 0x61, 0x6e, 0x64,
  0x5f, 0x63, 0x6e, 0x6e, 0x5f, 0x31, 0x2f, 0x73, 0x65, 0x70, 0x61, 0x72,
  0x61, 0x62, 0x6c, 0x65, 0x5f, 0x63, 0x6f, 0x6e, 0x76, 0x31, 0x64, 0x5f,
  0x31, 0x2f, 0x73, 0x65, 0x70, 0x61, 0x72, 0x61, 0x62, 0x6c, 0x65, 0x5f,
  0x63, 0x6f, 0x6e, 0x76, 0x32, 0x64, 0x2f, 0x64, 0x65, 0x70, 0x74, 0x68,
  0x77, 0x69, 0x73, 0x65, 0x31, 0x00, 0x00, 0x00, 0x04, 0x00, 0x00, 0x00,
  0x01, 0x00, 0x00, 0x00, 0x01, 0x00, 0x00, 0x00, 0x20, 0x00, 0x00, 0x00,
  0x10, 0x00, 0x00, 0x00, 0x3e, 0xe0, 0xff, 0xff, 0x00, 0x00, 0x00, 0x01,
  0x18, 0x00, 0x00, 0x00, 0x28, 0x00, 0x00, 0x00, 0x48, 0x00, 0x00, 0x00,
  0x1c, 0x00, 0x00, 0x00, 0x00, 0x00, 0x00, 0x09, 0x6c, 0x00, 0x00, 0x00,
  0x04, 0x00, 0x00, 0x00, 0xff, 0xff, 0xff, 0xff, 0x01, 0x00, 0x00, 0x00,
  0x20, 0x00, 0x00, 0x00, 0x10, 0x00, 0x00, 0x00, 0x2c, 0xe0, 0xff, 0xff,
  0x08, 0x00, 0x00, 0x00, 0x14, 0x00, 0x00, 0x00, 0x01, 0x00, 0x00, 0x00,
  0x80, 0xff, 0xff, 0xff, 0xff, 0xff, 0xff, 0xff, 0x00, 0x00, 0x00, 0x00,
  0x01, 0x00, 0x00, 0x00, 0xbe, 0x4b, 0xd4, 0x3c, 0x28, 0x00, 0x00, 0x00,
  0x77, 0x61, 0x6e, 0x64, 0x5f, 0x63, 0x6e, 0x6e, 0x5f, 0x31, 0x2f, 0x73,
  0x65, 0x70, 0x61, 0x72, 0x61, 0x62, 0x6c, 0x65, 0x5f, 0x63, 0x6f, 0x6e,
  0x76, 0x31, 0x64, 0x5f, 0x31, 0x2f, 0x45, 0x78, 0x70, 0x61, 0x6e, 0x64,
  0x44, 0x69, 0x6d, 0x73, 0x00, 0x00, 0x00, 0x00, 0x04, 0x00, 0x00, 0x00,
  0x01, 0x00, 0x00, 0x00, 0x01, 0x00, 0x00, 0x00, 0x20, 0x00, 0x00, 0x00,
  0x10, 0x00, 0x00, 0x00, 0xda, 0xe0, 0xff, 0xff, 0x00, 0x00, 0x00, 0x01,
  0x18, 0x00, 0x00, 0x00, 0x24, 0x00, 0x00, 0x00, 0x40, 0x00, 0x00, 0x00,
  0x1b, 0x00, 0x00, 0x00, 0x00, 0x00, 0x00, 0x09, 0x38, 0x01, 0x00, 0x00,
  0x03, 0x00, 0x00, 0x00, 0xff, 0xff, 0xff, 0xff, 0x20, 0x00, 0x00, 0x00,
  0x10, 0x00, 0x00, 0x00, 0xc4, 0xe0, 0xff, 0xff, 0x08, 0x00, 0x00, 0x00,
  0x10, 0x00, 0x00, 0x00, 0x01, 0x00, 0x00, 0x00, 0x80, 0xff, 0xff, 0xff,
  0xff, 0xff, 0xff, 0xff, 0x01, 0x00, 0x00, 0x00, 0xbe, 0x4b, 0xd4, 0x3c,
  0xff, 0x00, 0x00, 0x00, 0x77, 0x61, 0x6e, 0x64, 0x5f, 0x63, 0x6e, 0x6e,
  0x5f, 0x31, 0x2f, 0x72, 0x65, 0x5f, 0x6c, 0x75, 0x5f, 0x31, 0x2f, 0x52,
  0x65, 0x6c, 0x75, 0x3b, 0x77, 0x61, 0x6e, 0x64, 0x5f, 0x63, 0x6e, 0x6e,
  0x5f, 0x31, 0x2f, 0x62, 0x61, 0x74, 0x63, 0x68, 0x5f, 0x6e, 0x6f, 0x72,
  0x6d, 0x61, 0x6c, 0x69, 0x7a, 0x61, 0x74, 0x69, 0x6f, 0x6e, 0x5f, 0x31,
  0x2f, 0x62, 0x61, 0x74, 0x63, 0x68, 0x6e, 0x6f, 0x72, 0x6d, 0x2f, 0x61,
  0x64, 0x64, 0x5f, 0x31, 0x3b, 0x77, 0x61, 0x6e, 0x64, 0x5f, 0x63, 0x6e,
  0x6e, 0x5f, 0x31, 0x2f, 0x63, 0x6f, 0x6e, 0x76, 0x31, 0x64, 0x5f, 0x31,
  0x2f, 0x63, 0x6f, 0x6e, 0x76, 0x6f, 0x6c, 0x75, 0x74, 0x69, 0x6f, 0x6e,
  0x2f, 0x53, 0x71, 0x75, 0x65, 0x65, 0x7a, 0x65, 0x3b, 0x77, 0x61, 0x6e,
  0x64, 0x5f, 0x63, 0x6e, 0x6e, 0x5f, 0x31, 0x2f, 0x62, 0x61, 0x74, 0x63,
  0x68, 0x5f, 0x6e, 0x6f, 0x72, 0x6d, 0x61, 0x6c, 0x69, 0x7a, 0x61, 0x74,
  0x69, 0x6f, 0x6e, 0x5f, 0x31, 0x2f, 0x62, 0x61, 0x74, 0x63, 0x68, 0x6e,
  0x6f, 0x72, 0x6d, 0x2f, 0x6d, 0x75, 0x6c, 0x5f, 0x31, 0x3b, 0x77, 0x61,
  0x6e, 0x64, 0x5f, 0x63, 0x6e, 0x6e, 0x5f, 0x31, 0x2f, 0x62, 0x61, 0x74,
  0x63, 0x68, 0x5f, 0x6e, 0x6f, 0x72, 0x6d, 0x61, 0x6c, 0x69, 0x7a, 0x61,
  0x74, 0x69, 0x6f, 0x6e, 0x5f, 0x31, 0x2f, 0x62, 0x61, 0x74, 0x63, 0x68,
  0x6e, 0x6f, 0x72, 0x6d, 0x2f, 0x6d, 0x75, 0x6c, 0x3b, 0x77, 0x61, 0x6e,
  0x64, 0x5f, 0x63, 0x6e, 0x6e, 0x5f, 0x31, 0x2f, 0x62, 0x61, 0x74, 0x63,
  0x68, 0x5f, 0x6e, 0x6f, 0x72, 0x6d, 0x61, 0x6c, 0x69, 0x7a, 0x61, 0x74,
  0x69, 0x6f, 0x6e, 0x5f, 0x31, 0x2f, 0x62, 0x61, 0x74, 0x63, 0x68, 0x6e,
  0x6f, 0x72, 0x6d, 0x2f, 0x73, 0x75, 0x62, 0x00, 0x03, 0x00, 0x00, 0x00,
  0x01, 0x00, 0x00, 0x00, 0x20, 0x00, 0x00, 0x00, 0x10, 0x00, 0x00, 0x00,
  0x3e, 0xe2, 0xff, 0xff, 0x00, 0x00, 0x00, 0x01, 0x18, 0x00, 0x00, 0x00,
  0x28, 0x00, 0x00, 0x00, 0x44, 0x00, 0x00, 0x00, 0x1a, 0x00, 0x00, 0x00,
  0x00, 0x00, 0x00, 0x09, 0x60, 0x01, 0x00, 0x00, 0x04, 0x00, 0x00, 0x00,
  0xff, 0xff, 0xff, 0xff, 0x01, 0x00, 0x00, 0x00, 0x20, 0x00, 0x00, 0x00,
  0x10, 0x00, 0x00, 0x00, 0x2c, 0xe2, 0xff, 0xff, 0x08, 0x00, 0x00, 0x00,
  0x10, 0x00, 0x00, 0x00, 0x01, 0x00, 0x00, 0x00, 0x80, 0xff, 0xff, 0xff,
  0xff, 0xff, 0xff, 0xff, 0x01, 0x00, 0x00, 0x00, 0xbe, 0x4b, 0xd4, 0x3c,
  0x20, 0x01, 0x00, 0x00, 0x77, 0x61, 0x6e, 0x64, 0x5f, 0x63, 0x6e, 0x6e,
  0x5f, 0x31, 0x2f, 0x72, 0x65, 0x5f, 0x6c, 0x75, 0x5f, 0x31, 0x2f, 0x52,
  0x65, 0x6c, 0x75, 0x3b, 0x77, 0x61, 0x6e, 0x64, 0x5f, 0x63, 0x6e, 0x6e,
  0x5f, 0x31, 0x2f, 0x62, 0x61, 0x74, 0x63, 0x68, 0x5f, 0x6e, 0x6f, 0x72,
  0x6d, 0x61, 0x6c, 0x69, 0x7a, 0x61, 0x74, 0x69, 0x6f, 0x6e, 0x5f, 0x31,
  0x2f, 0x62, 0x61, 0x74, 0x63, 0x68, 0x6e, 0x6f, 0x72, 0x6d, 0x2f, 0x61,
  0x64, 0x64, 0x5f, 0x31, 0x3b, 0x77, 0x61, 0x6e, 0x64, 0x5f, 0x63, 0x6e,
  0x6e, 0x5f, 0x31, 0x2f, 0x63, 0x6f, 0x6e, 0x76, 0x31, 0x64, 0x5f, 0x31,
  0x2f, 0x63, 0x6f, 0x6e, 0x76, 0x6f, 0x6c, 0x75, 0x74, 0x69, 0x6f, 0x6e,
  0x2f, 0x53, 0x71, 0x75, 0x65, 0x65, 0x7a, 0x65, 0x3b, 0x77, 0x61, 0x6e,
  0x64, 0x5f, 0x63, 0x6e, 0x6e, 0x5f, 0x31, 0x2f, 0x62, 0x61, 0x74, 0x63,
  0x68, 0x5f, 0x6e, 0x6f, 0x72, 0x6d, 0x61, 0x6c, 0x69, 0x7a, 0x61, 0x74,
  0x69, 0x6f, 0x6e, 0x5f, 0x31, 0x2f, 0x62, 0x61, 0x74, 0x63, 0x68, 0x6e,
  0x6f, 0x72, 0x6d, 0x2f, 0x6d, 0x75, 0x6c, 0x5f, 0x31, 0x3b, 0x77, 0x61,
  0x6e, 0x64, 0x5f, 0x63, 0x6e, 0x6e, 0x5f, 0x31, 0x2f, 0x62, 0x61, 0x74,
  0x63, 0x68, 0x5f, 0x6e, 0x6f, 0x72, 0x6d, 0x61, 0x6c, 0x69, 0x7a, 0x61,
  0x74, 0x69, 0x6f, 0x6e, 0x5f, 0x31, 0x2f, 0x62, 0x61, 0x74, 0x63, 0x68,
  0x6e, 0x6f, 0x72, 0x6d, 0x2f, 0x6d, 0x75, 0x6c, 0x3b, 0x77, 0x61, 0x6e,
  0x64, 0x5f, 0x63, 0x6e, 0x6e, 0x5f, 0x31, 0x2f, 0x62, 0x61, 0x74, 0x63,
  0x68, 0x5f, 0x6e, 0x6f, 0x72, 0x6d, 0x61, 0x6c, 0x69, 0x7a, 0x61, 0x74,
  0x69, 0x6f, 0x6e, 0x5f, 0x31, 0x2f, 0x62, 0x61, 0x74, 0x63, 0x68, 0x6e,
  0x6f, 0x72, 0x6d, 0x2f, 0x73, 0x75, 0x62, 0x3b, 0x77, 0x61, 0x6e, 0x64,
  0x5f, 0x63, 0x6e, 0x6e, 0x5f, 0x31, 0x2f, 0x63, 0x6f, 0x6e, 0x76, 0x31,
  0x64, 0x5f, 0x31, 0x2f, 0x63, 0x6f, 0x6e, 0x76, 0x6f, 0x6c, 0x75, 0x74,
  0x69, 0x6f, 0x6e, 0x31, 0x00, 0x00, 0x00, 0x00, 0x04, 0x00, 0x00, 0x00,
  0x01, 0x00, 0x00, 0x00, 0x01, 0x00, 0x00, 0x00, 0x20, 0x00, 0x00, 0x00,
  0x10, 0x00, 0x00, 0x00, 0xce, 0xe3, 0xff, 0xff, 0x00, 0x00, 0x00, 0x01,
  0x18, 0x00, 0x00, 0x00, 0x28, 0x00, 0x00, 0x00, 0x44, 0x00, 0x00, 0x00,
  0x19, 0x00, 0x00, 0x00, 0x00, 0x00, 0x00, 0x09, 0x68, 0x00, 0x00, 0x00,
  0x04, 0x00, 0x00, 0x00, 0xff, 0xff, 0xff, 0xff, 0x01, 0x00, 0x00, 0x00,
  0x40, 0x00, 0x00, 0x00, 0x0c, 0x00, 0x00, 0x00, 0xbc, 0xe3, 0xff, 0xff,
  0x08, 0x00, 0x00, 0x00, 0x10, 0x00, 0x00, 0x00, 0x01, 0x00, 0x00, 0x00,
  0xf5, 0xff, 0xff, 0xff, 0xff, 0xff, 0xff, 0xff, 0x01, 0x00, 0x00, 0x00,
  0x3a, 0xb8, 0xec, 0x3b, 0x2a, 0x00, 0x00, 0x00, 0x77, 0x61, 0x6e, 0x64,
  0x5f, 0x63, 0x6e, 0x6e, 0x5f, 0x31, 0x2f, 0x63, 0x6f, 0x6e, 0x76, 0x31,
  0x64, 0x5f, 0x31, 0x2f, 0x63, 0x6f, 0x6e, 0x76, 0x6f, 0x6c, 0x75, 0x74,
  0x69, 0x6f, 0x6e, 0x2f, 0x45, 0x78, 0x70, 0x61, 0x6e, 0x64, 0x44, 0x69,
  0x6d, 0x73, 0x00, 0x00, 0x04, 0x00, 0x00, 0x00, 0x01, 0x00, 0x00, 0x00,
  0x01, 0x00, 0x00, 0x00, 0x40, 0x00, 0x00, 0x00, 0x0c, 0x00, 0x00, 0x00,
  0xda, 0xe4, 0xff, 0xff, 0x00, 0x00, 0x00, 0x01, 0x14, 0x00, 0x00, 0x00,
  0xe4, 0x00, 0x00, 0x00, 0x18, 0x00, 0x00, 0x00, 0x00, 0x00, 0x00, 0x09,
  0x84, 0x01, 0x00, 0x00, 0x3c, 0xe4, 0xff, 0xff, 0x08, 0x00, 0x00, 0x00,
  0x88, 0x00, 0x00, 0x00, 0x10, 0x00, 0x00, 0x00, 0x00, 0x00, 0x00, 0x00,
  0x00, 0x00, 0x00, 0x00, 0x00, 0x00, 0x00, 0x00, 0x00, 0x00, 0x00, 0x00,
  0x00, 0x00, 0x00, 0x00, 0x00, 0x00, 0x00, 0x00, 0x00, 0x00, 0x00, 0x00,
  0x00, 0x00, 0x00, 0x00, 0x00, 0x00, 0x00, 0x00, 0x00, 0x00, 0x00, 0x00,
  0x00, 0x00, 0x00, 0x00, 0x00, 0x00, 0x00, 0x00, 0x00, 0x00, 0x00, 0x00,
  0x00, 0x00, 0x00, 0x00, 0x00, 0x00, 0x00, 0x00, 0x00, 0x00, 0x00, 0x00,
  0x00, 0x00, 0x00, 0x00, 0x00, 0x00, 0x00, 0x00, 0x00, 0x00, 0x00, 0x00,
  0x00, 0x00, 0x00, 0x00, 0x00, 0x00, 0x00, 0x00, 0x00, 0x00, 0x00, 0x00,
  0x00, 0x00, 0x00, 0x00, 0x00, 0x00, 0x00, 0x00, 0x00, 0x00, 0x00, 0x00,
  0x00, 0x00, 0x00, 0x00, 0x00, 0x00, 0x00, 0x00, 0x00, 0x00, 0x00, 0x00,
  0x00, 0x00, 0x00, 0x00, 0x00, 0x00, 0x00, 0x00, 0x00, 0x00, 0x00, 0x00,
  0x00, 0x00, 0x00, 0x00, 0x10, 0x00, 0x00, 0x00, 0x64, 0x1a, 0x9b, 0x3c,
  0x79, 0x01, 0x87, 0x3c, 0xf7, 0xb4, 0x74, 0x3c, 0x07, 0xed, 0x89, 0x3c,
  0xf3, 0x1e, 0x52, 0x3c, 0x90, 0xeb, 0x44, 0x3c, 0x2a, 0x7e, 0xae, 0x3c,
  0xa2, 0x20, 0x49, 0x3c, 0xb3, 0x3d, 0x90, 0x3c, 0x76, 0x99, 0xa8, 0x3c,
  0x70, 0xe8, 0x49, 0x3c, 0xc7, 0xeb, 0x70, 0x3c, 0x5e, 0x46, 0x58, 0x3c,
  0xd3, 0x40, 0x52, 0x3c, 0x33, 0xf3, 0x73, 0x3c, 0x97, 0xda, 0x61, 0x3c,
  0xa7, 0x00, 0x00, 0x00, 0x77, 0x61, 0x6e, 0x64, 0x5f, 0x63, 0x6e, 0x6e,
  0x5f, 0x31, 0x2f, 0x62, 0x61, 0x74, 0x63, 0x68, 0x5f, 0x6e, 0x6f, 0x72,
  0x6d, 0x61, 0x6c, 0x69, 0x7a, 0x61, 0x74, 0x69, 0x6f, 0x6e, 0x5f, 0x31,
  0x2f, 0x62, 0x61, 0x74, 0x63, 0x68, 0x6e, 0x6f, 0x72, 0x6d, 0x2f, 0x6d,
  0x75, 0x6c, 0x5f, 0x31, 0x3b, 0x77, 0x61, 0x6e, 0x64, 0x5f, 0x63, 0x6e,
  0x6e, 0x5f, 0x31, 0x2f, 0x63, 0x6f, 0x6e, 0x76, 0x31, 0x64, 0x5f, 0x31,
  0x2f, 0x63, 0x6f, 0x6e, 0x76, 0x6f, 0x6c, 0x75, 0x74, 0x69, 0x6f, 0x6e,
  0x2f, 0x53, 0x71, 0x75, 0x65, 0x65, 0x7a, 0x65, 0x3b, 0x77, 0x61, 0x6e,
  0x64, 0x5f, 0x63, 0x6e, 0x6e, 0x5f, 0x31, 0x2f, 0x62, 0x61, 0x74, 0x63,
  0x68, 0x5f, 0x6e, 0x6f, 0x72, 0x6d, 0x61, 0x6c, 0x69, 0x7a, 0x61, 0x74,
  0x69, 0x6f, 0x6e, 0x5f, 0x31, 0x2f, 0x62, 0x61, 0x74, 0x63, 0x68, 0x6e,
  0x6f, 0x72, 0x6d, 0x2f, 0x6d, 0x75, 0x6c, 0x3b, 0x77, 0x61, 0x6e, 0x64,
  0x5f, 0x63, 0x6e, 0x6e, 0x5f, 0x31, 0x2f, 0x63, 0x6f, 0x6e, 0x76, 0x31,
  0x64, 0x5f, 0x31, 0x2f, 0x63, 0x6f, 0x6e, 0x76, 0x6f, 0x6c, 0x75, 0x74,
  0x69, 0x6f, 0x6e, 0x00, 0x04, 0x00, 0x00, 0x00, 0x10, 0x00, 0x00, 0x00,
  0x01, 0x00, 0x00, 0x00, 0x05, 0x00, 0x00, 0x00, 0x0c, 0x00, 0x00, 0x00,
  0x8a, 0xe6, 0xff, 0xff, 0x00, 0x00, 0x00, 0x01, 0x14, 0x00, 0x00, 0x00,
  0xe4, 0x00, 0x00, 0x00, 0x17, 0x00, 0x00, 0x00, 0x00, 0x00, 0x00, 0x02,
  0xfc, 0x01, 0x00, 0x00, 0xec, 0xe5, 0xff, 0xff, 0x08, 0x00, 0x00, 0x00,
  0x88, 0x00, 0x00, 0x00, 0x10, 0x00, 0x00, 0x00, 0x00, 0x00, 0x00, 0x00,
  0x00, 0x00, 0x00, 0x00, 0x00, 0x00, 0x00, 0x00, 0x00, 0x00, 0x00, 0x00,
  0x00, 0x00, 0x00, 0x00, 0x00, 0x00, 0x00, 0x00, 0x00, 0x00, 0x00, 0x00,
  0x00, 0x00, 0x00, 0x00, 0x00, 0x00, 0x00, 0x00, 0x00, 0x00, 0x00, 0x00,
  0x00, 0x00, 0x00, 0x00, 0x00, 0x00, 0x00, 0x00, 0x00, 0x00, 0x00, 0x00,
  0x00, 0x00, 0x00, 0x00, 0x00, 0x00, 0x00, 0x00, 0x00, 0x00, 0x00, 0x00,
  0x00, 0x00, 0x00, 0x00, 0x00, 0x00, 0x00, 0x00, 0x00, 0x00, 0x00, 0x00,
  0x00, 0x00, 0x00, 0x00, 0x00, 0x00, 0x00, 0x00, 0x00, 0x00, 0x00, 0x00,
  0x00, 0x00, 0x00, 0x00, 0x00, 0x00, 0x00, 0x00, 0x00, 0x00, 0x00, 0x00,
  0x00, 0x00, 0x00, 0x00, 0x00, 0x00, 0x00, 0x00, 0x00, 0x00, 0x00, 0x00,
  0x00, 0x00, 0x00, 0x00, 0x00, 0x00, 0x00, 0x00, 0x00, 0x00, 0x00, 0x00,
  0x00, 0x00, 0x00, 0x00, 0x10, 0x00, 0x00, 0x00, 0xf2, 0x6b, 0x0f, 0x39,
  0x06, 0xad, 0xf9, 0x38, 0xed, 0x46, 0xe2, 0x38, 0x88, 0x13, 0xff, 0x38,
  0xbe, 0x4b, 0xc2, 0x38, 0xdf, 0x16, 0xb6, 0x38, 0xe1, 0x59, 0x21, 0x39,
  0xd2, 0xfa, 0xb9, 0x38, 0xae, 0x60, 0x05, 0x39, 0xcd, 0xe6, 0x1b, 0x39,
  0x94, 0xb3, 0xba, 0x38, 0xbc, 0xc6, 0xde, 0x38, 0x82, 0xfc, 0xc7, 0x38,
  0x11, 0x6b, 0xc2, 0x38, 0xc1, 0x93, 0xe1, 0x38, 0x0b, 0xd8, 0xd0, 0x38,
  0x1f, 0x01, 0x00, 0x00, 0x77, 0x61, 0x6e, 0x64, 0x5f, 0x63, 0x6e, 0x6e,
  0x5f, 0x31, 0x2f, 0x72, 0x65, 0x5f, 0x6c, 0x75, 0x5f, 0x31, 0x2f, 0x52,
  0x65, 0x6c, 0x75, 0x3b, 0x77, 0x61, 0x6e, 0x64, 0x5f, 0x63, 0x6e, 0x6e,
  0x5f, 0x31, 0x2f, 0x62, 0x61, 0x74, 0x63, 0x68, 0x5f, 0x6e, 0x6f, 0x72,
  0x6d, 0x61, 0x6c, 0x69, 0x7a, 0x61, 0x74, 0x69, 0x6f, 0x6e, 0x5f, 0x31,
  0x2f, 0x62, 0x61, 0x74, 0x63, 0x68, 0x6e, 0x6f, 0x72, 0x6d, 0x2f, 0x61,
  0x64, 0x64, 0x5f, 0x31, 0x3b, 0x77, 0x61, 0x6e, 0x64, 0x5f, 0x63, 0x6e,
  0x6e, 0x5f, 0x31, 0x2f, 0x63, 0x6f, 0x6e, 0x76, 0x31, 0x64, 0x5f, 0x31,
  0x2f, 0x63, 0x6f, 0x6e, 0x76, 0x6f, 0x6c, 0x75, 0x74, 0x69, 0x6f, 0x6e,
  0x2f, 0x53, 0x71, 0x75, 0x65, 0x65, 0x7a, 0x65, 0x3b, 0x77, 0x61, 0x6e,
  0x64, 0x5f, 0x63, 0x6e, 0x6e, 0x5f, 0x31, 0x2f, 0x62, 0x61, 0x74, 0x63,
  0x68, 0x5f, 0x6e, 0x6f, 0x72, 0x6d, 0x61, 0x6c, 0x69, 0x7a, 0x61, 0x74,
  0x69, 0x6f, 0x6e, 0x5f, 0x31, 0x2f, 0x62, 0x61, 0x74, 0x63, 0x68, 0x6e,
  0x6f, 0x72, 0x6d, 0x2f, 0x6d, 0x75, 0x6c, 0x5f, 0x31, 0x3b, 0x77, 0x61,
  0x6e, 0x64, 0x5f, 0x63, 0x6e, 0x6e, 0x5f, 0x31, 0x2f, 0x62, 0x61, 0x74,
  0x63, 0x68, 0x5f, 0x6e, 0x6f, 0x72, 0x6d, 0x61, 0x6c, 0x69, 0x7a, 0x61,
  0x74, 0x69, 0x6f, 0x6e, 0x5f, 0x31, 0x2f, 0x62, 0x61, 0x74, 0x63, 0x68,
  0x6e, 0x6f, 0x72, 0x6d, 0x2f, 0x6d, 0x75, 0x6c, 0x3b, 0x77, 0x61, 0x6e,
  0x64, 0x5f, 0x63, 0x6e, 0x6e, 0x5f, 0x31, 0x2f, 0x62, 0x61, 0x74, 0x63,
  0x68, 0x5f, 0x6e, 0x6f, 0x72, 0x6d, 0x61, 0x6c, 0x69, 0x7a, 0x61, 0x74,
  0x69, 0x6f, 0x6e, 0x5f, 0x31, 0x2f, 0x62, 0x61, 0x74, 0x63, 0x68, 0x6e,
  0x6f, 0x72, 0x6d, 0x2f, 0x73, 0x75, 0x62, 0x3b, 0x77, 0x61, 0x6e, 0x64,
  0x5f, 0x63, 0x6e, 0x6e, 0x5f, 0x31, 0x2f, 0x63, 0x6f, 0x6e, 0x76, 0x31,
  0x64, 0x5f, 0x31, 0x2f, 0x63, 0x6f, 0x6e, 0x76, 0x6f, 0x6c, 0x75, 0x74,
  0x69, 0x6f, 0x6e, 0x00, 0x01, 0x00, 0x00, 0x00, 0x10, 0x00, 0x00, 0x00,
  0xa6, 0xe8, 0xff, 0xff, 0x00, 0x00, 0x00, 0x01, 0x14, 0x00, 0x00, 0x00,
  0xec, 0x00, 0x00, 0x00, 0x16, 0x00, 0x00, 0x00, 0x00, 0x00, 0x00, 0x09,
  0x20, 0x01, 0x00, 0x00, 0x0a, 0xf8, 0xff, 0xff, 0x03, 0x00, 0x00, 0x00,
  0x08, 0x00, 0x00, 0x00, 0x8c, 0x00, 0x00, 0x00, 0x10, 0x00, 0x00, 0x00,
  0x00, 0x00, 0x00, 0x00, 0x00, 0x00, 0x00, 0x00, 0x00, 0x00, 0x00, 0x00,
  0x00, 0x00, 0x00, 0x00, 0x00, 0x00, 0x00, 0x00, 0x00, 0x00, 0x00, 0x00,
  0x00, 0x00, 0x00, 0x00, 0x00, 0x00, 0x00, 0x00, 0x00, 0x00, 0x00, 0x00,
  0x00, 0x00, 0x00, 0x00, 0x00, 0x00, 0x00, 0x00, 0x00, 0x00, 0x00, 0x00,
  0x00, 0x00, 0x00, 0x00, 0x00, 0x00, 0x00, 0x00, 0x00, 0x00, 0x00, 0x00,
  0x00, 0x00, 0x00, 0x00, 0x00, 0x00, 0x00, 0x00, 0x00, 0x00, 0x00, 0x00,
  0x00, 0x00, 0x00, 0x00, 0x00, 0x00, 0x00, 0x00, 0x00, 0x00, 0x00, 0x00,
  0x00, 0x00, 0x00, 0x00, 0x00, 0x00, 0x00, 0x00, 0x00, 0x00, 0x00, 0x00,
  0x00, 0x00, 0x00, 0x00, 0x00, 0x00, 0x00, 0x00, 0x00, 0x00, 0x00, 0x00,
  0x00, 0x00, 0x00, 0x00, 0x00, 0x00, 0x00, 0x00, 0x00, 0x00, 0x00, 0x00,
  0x00, 0x00, 0x00, 0x00, 0x00, 0x00, 0x00, 0x00, 0x00, 0x00, 0x00, 0x00,
  0x10, 0x00, 0x00, 0x00, 0x5e, 0xcd, 0x2f, 0x3b, 0x7a, 0xab, 0x0a, 0x3b,
  0xe8, 0xfb, 0x29, 0x3b, 0xf2, 0x63, 0x33, 0x3b, 0x04, 0xef, 0xbb, 0x3a,
  0x10, 0x26, 0xdb, 0x3a, 0x01, 0xcc, 0x29, 0x3b, 0xcf, 0x94, 0x28, 0x3b,
  0xa3, 0xd0, 0x0f, 0x3b, 0xef, 0x1b, 0xeb, 0x3a, 0x59, 0x86, 0xab, 0x3a,
  0x68, 0x31, 0x2b, 0x3b, 0x33, 0x55, 0x1c, 0x3b, 0x65, 0x61, 0x33, 0x3b,
  0x48, 0x65, 0xf2, 0x3a, 0x17, 0x67, 0x21, 0x3b, 0x38, 0x00, 0x00, 0x00,
  0x77, 0x61, 0x6e, 0x64, 0x5f, 0x63, 0x6e, 0x6e, 0x5f, 0x31, 0x2f, 0x73,
  0x65, 0x70, 0x61, 0x72, 0x61, 0x62, 0x6c, 0x65, 0x5f, 0x63, 0x6f, 0x6e,
  0x76, 0x31, 0x64, 0x5f, 0x31, 0x2f, 0x73, 0x65, 0x70, 0x61, 0x72, 0x61,
  0x62, 0x6c, 0x65, 0x5f, 0x63, 0x6f, 0x6e, 0x76, 0x32, 0x64, 0x2f, 0x64,
  0x65, 0x70, 0x74, 0x68, 0x77, 0x69, 0x73, 0x65, 0x00, 0x00, 0x00, 0x00,
  0x04, 0x00, 0x00, 0x00, 0x01, 0x00, 0x00, 0x00, 0x01, 0x00, 0x00, 0x00,
  0x03, 0x00, 0x00, 0x00, 0x10, 0x00, 0x00, 0x00, 0xf2, 0xe9, 0xff, 0xff,
  0x00, 0x00, 0x00, 0x01, 0x14, 0x00, 0x00, 0x00, 0xe8, 0x00, 0x00, 0x00,
  0x15, 0x00, 0x00, 0x00, 0x00, 0x00, 0x00, 0x02, 0xf0, 0x00, 0x00, 0x00,
  0x54, 0xe9, 0xff, 0xff, 0x08, 0x00, 0x00, 0x00, 0x8c, 0x00, 0x00, 0x00,
  0x10, 0x00, 0x00, 0x00, 0x00, 0x00, 0x00, 0x00, 0x00, 0x00, 0x00, 0x00,
  0x00, 0x00, 0x00, 0x00, 0x00, 0x00, 0x00, 0x00, 0x00, 0x00, 0x00, 0x00,
  0x00, 0x00, 0x00, 0x00, 0x00, 0x00, 0x00, 0x00, 0x00, 0x00, 0x00, 0x00,
  0x00, 0x00, 0x00, 0x00, 0x00, 0x00, 0x00, 0x00, 0x00, 0x00, 0x00, 0x00,
  0x00, 0x00, 0x00, 0x00, 0x00, 0x00, 0x00, 0x00, 0x00, 0x00, 0x00, 0x00,
  0x00, 0x00, 0x00, 0x00, 0x00, 0x00, 0x00, 0x00, 0x00, 0x00, 0x00, 0x00,
  0x00, 0x00, 0x00, 0x00, 0x00, 0x00, 0x00, 0x00, 0x00, 0x00, 0x00, 0x00,
  0x00, 0x00, 0x00, 0x00, 0x00, 0x00, 0x00, 0x00, 0x00, 0x00, 0x00, 0x00,
  0x00, 0x00, 0x00, 0x00, 0x00, 0x00, 0x00, 0x00, 0x00, 0x00, 0x00, 0x00,
  0x00, 0x00, 0x00, 0x00, 0x00, 0x00, 0x00, 0x00, 0x00, 0x00, 0x00, 0x00,
  0x00, 0x00, 0x00, 0x00, 0x00, 0x00, 0x00, 0x00, 0x00, 0x00, 0x00, 0x00,
  0x00, 0x00, 0x00, 0x00, 0x10, 0x00, 0x00, 0x00, 0x15, 0xca, 0x91, 0x38,
  0x10, 0xfe, 0x65, 0x38, 0xe7, 0xf6, 0x8c, 0x38, 0xd8, 0xc3, 0x94, 0x38,
  0x8a, 0xd9, 0x1b, 0x38, 0x5c, 0xbc, 0x35, 0x38, 0x2e, 0xcf, 0x8c, 0x38,
  0x1c, 0xcd, 0x8b, 0x38, 0xa8, 0x86, 0x6e, 0x38, 0xb2, 0xf8, 0x42, 0x38,
  0x01, 0x3e, 0x0e, 0x38, 0x91, 0xf7, 0x8d, 0x38, 0xcf, 0xa4, 0x81, 0x38,
  0xba, 0xc1, 0x94, 0x38, 0x97, 0x03, 0x49, 0x38, 0x20, 0xd9, 0x85, 0x38,
  0x0f, 0x00, 0x00, 0x00, 0x61, 0x72, 0x69, 0x74, 0x68, 0x2e, 0x63, 0x6f,
  0x6e, 0x73, 0x74, 0x61, 0x6e, 0x74, 0x32, 0x00, 0x01, 0x00, 0x00, 0x00,
  0x10, 0x00, 0x00, 0x00, 0x02, 0xeb, 0xff, 0xff, 0x00, 0x00, 0x00, 0x01,
  0x14, 0x00, 0x00, 0x00, 0xa8, 0x01, 0x00, 0x00, 0x14, 0x00, 0x00, 0x00,
  0x00, 0x00, 0x00, 0x09, 0x5c, 0x02, 0x00, 0x00, 0x64, 0xea, 0xff, 0xff,
  0x08, 0x00, 0x00, 0x00, 0x0c, 0x01, 0x00, 0x00, 0x20, 0x00, 0x00, 0x00,
  0x00, 0x00, 0x00, 0x00, 0x00, 0x00, 0x00, 0x00, 0x00, 0x00, 0x00, 0x00,
  0x00, 0x00, 0x00, 0x00, 0x00, 0x00, 0x00, 0x00, 0x00, 0x00, 0x00, 0x00,
  0x00, 0x00, 0x00, 0x00, 0x00, 0x00, 0x00, 0x00, 0x00, 0x00, 0x00, 0x00,
  0x00, 0x00, 0x00, 0x00, 0x00, 0x00, 0x00, 0x00, 0x00, 0x00, 0x00, 0x00,
  0x00, 0x00, 0x00, 0x00, 0x00, 0x00, 0x00, 0x00, 0x00, 0x00, 0x00, 0x00,
  0x00, 0x00, 0x00, 0x00, 0x00, 0x00, 0x00, 0x00, 0x00, 0x00, 0x00, 0x00,
  0x00, 0x00, 0x00, 0x00, 0x00, 0x00, 0x00, 0x00, 0x00, 0x00, 0x00, 0x00,
  0x00, 0x00, 0x00, 0x00, 0x00, 0x00, 0x00, 0x00, 0x00, 0x00, 0x00, 0x00,
  0x00, 0x00, 0x00, 0x00, 0x00, 0x00, 0x00, 0x00, 0x00, 0x00, 0x00, 0x00,
  0x00, 0x00, 0x00, 0x00, 0x00, 0x00, 0x00, 0x00, 0x00, 0x00, 0x00, 0x00,
  0x00, 0x00, 0x00, 0x00, 0x00, 0x00, 0x00, 0x00, 0x00, 0x00, 0x00, 0x00,
  0x00, 0x00, 0x00, 0x00, 0x00, 0x00, 0x00, 0x00, 0x00, 0x00, 0x00, 0x00,
  0x00, 0x00, 0x00, 0x00, 0x00, 0x00, 0x00, 0x00, 0x00, 0x00, 0x00, 0x00,
  0x00, 0x00, 0x00, 0x00, 0x00, 0x00, 0x00, 0x00, 0x00, 0x00, 0x00, 0x00,
  0x00, 0x00, 0x00, 0x00, 0x00, 0x00, 0x00, 0x00, 0x00, 0x00, 0x00, 0x00,
  0x00, 0x00, 0x00, 0x00, 0x00, 0x00, 0x00, 0x00, 0x00, 0x00, 0x00, 0x00,
  0x00, 0x00, 0x00, 0x00, 0x00, 0x00, 0x00, 0x00, 0x00, 0x00, 0x00, 0x00,
  0x00, 0x00, 0x00, 0x00, 0x00, 0x00, 0x00, 0x00, 0x00, 0x00, 0x00, 0x00,
  0x00, 0x00, 0x00, 0x00, 0x00, 0x00, 0x00, 0x00, 0x00, 0x00, 0x00, 0x00,
  0x00, 0x00, 0x00, 0x00, 0x00, 0x00, 0x00, 0x00, 0x00, 0x00, 0x00, 0x00,
  0x00, 0x00, 0x00, 0x00, 0x00, 0x00, 0x00, 0x00, 0x00, 0x00, 0x00, 0x00,
  0x00, 0x00, 0x00, 0x00, 0x00, 0x00, 0x00, 0x00, 0x20, 0x00, 0x00, 0x00,
  0xa9, 0x1c, 0x88, 0x3c, 0xbc, 0x60, 0x87, 0x3c, 0x3b, 0x1c, 0x73, 0x3c,
  0x07, 0x8e, 0x96, 0x3c, 0x7c, 0x1d, 0xbf, 0x3c, 0x19, 0xa4, 0x6d, 0x3c,
  0x24, 0xc8, 0xa5, 0x3c, 0x7f, 0x70, 0x74, 0x3c, 0x7f, 0x6f, 0x56, 0x3c,
  0xf4, 0x7d, 0x65, 0x3c, 0xc9, 0xfb, 0x6a, 0x3c, 0x13, 0xff, 0xba, 0x3c,
  0xe6, 0x51, 0xad, 0x3c, 0xe8, 0x48, 0x99, 0x3c, 0x54, 0x7b, 0x86, 0x3c,
  0x7c, 0x55, 0x89, 0x3c, 0xd6, 0xec, 0x85, 0x3c, 0x1b, 0x6e, 0xa4, 0x3c,
  0xfe, 0xdd, 0xd0, 0x3c, 0x01, 0x1b, 0x5c, 0x3c, 0x82, 0x99, 0x69, 0x3c,
  0x2a, 0xdd, 0x57, 0x3c, 0xc9, 0xb9, 0x91, 0x3c, 0x43, 0xfb, 0x74, 0x3c,
  0xe6, 0x23, 0x52, 0x3c, 0xa9, 0x57, 0xb1, 0x3c, 0xfd, 0xc8, 0xbb, 0x3c,
  0xc5, 0x20, 0x5c, 0x3c, 0x8b, 0xfd, 0x83, 0x3c, 0x9b, 0x3f, 0x95, 0x3c,
  0xcc, 0x98, 0x5d, 0x3c, 0x80, 0xda, 0x61, 0x3c, 0xb8, 0x00, 0x00, 0x00,
  0x77, 0x61, 0x6e, 0x64, 0x5f, 0x63, 0x6e, 0x6e, 0x5f, 0x31, 0x2f, 0x62,
  0x61, 0x74, 0x63, 0x68, 0x5f, 0x6e, 0x6f, 0x72, 0x6d, 0x61, 0x6c, 0x69,
  0x7a, 0x61, 0x74, 0x69, 0x6f, 0x6e, 0x5f, 0x31, 0x5f, 0x32, 0x2f, 0x62,
  0x61, 0x74, 0x63, 0x68, 0x6e, 0x6f, 0x72, 0x6d, 0x2f, 0x6d, 0x75, 0x6c,
  0x5f, 0x31, 0x3b, 0x77, 0x61, 0x6e, 0x64, 0x5f, 0x63, 0x6e, 0x6e, 0x5f,
  0x31, 0x2f, 0x73, 0x65, 0x70, 0x61, 0x72, 0x61, 0x62, 0x6c, 0x65, 0x5f,
  0x63, 0x6f, 0x6e, 0x76, 0x31, 0x64, 0x5f, 0x31, 0x2f, 0x53, 0x71, 0x75,
  0x65, 0x65, 0x7a, 0x65, 0x3b, 0x77, 0x61, 0x6e, 0x64, 0x5f, 0x63, 0x6e,
  0x6e, 0x5f, 0x31, 0x2f, 0x62, 0x61, 0x74, 0x63, 0x68, 0x5f, 0x6e, 0x6f,
  0x72, 0x6d, 0x61, 0x6c, 0x69, 0x7a, 0x61, 0x74, 0x69, 0x6f, 0x6e, 0x5f,
  0x31, 0x5f, 0x32, 0x2f, 0x62, 0x61, 0x74, 0x63, 0x68, 0x6e, 0x6f, 0x72,
  0x6d, 0x2f, 0x6d, 0x75, 0x6c, 0x3b, 0x77, 0x61, 0x6e, 0x64, 0x5f, 0x63,
  0x6e, 0x6e, 0x5f, 0x31, 0x2f, 0x73, 0x65, 0x70, 0x61, 0x72, 0x61, 0x62,
  0x6c, 0x65, 0x5f, 0x63, 0x6f, 0x6e, 0x76, 0x31, 0x64, 0x5f, 0x31, 0x2f,
  0x73, 0x65, 0x70, 0x61, 0x72, 0x61, 0x62, 0x6c, 0x65, 0x5f, 0x63, 0x6f,
  0x6e, 0x76, 0x32, 0x64, 0x00, 0x00, 0x00, 0x00, 0x04, 0x00, 0x00, 0x00,
  0x20, 0x00, 0x00, 0x00, 0x01, 0x00, 0x00, 0x00, 0x01, 0x00, 0x00, 0x00,
  0x10, 0x00, 0x00, 0x00, 0x8a, 0xed, 0xff, 0xff, 0x00, 0x00, 0x00, 0x01,
  0x14, 0x00, 0x00, 0x00, 0xa8, 0x01, 0x00, 0x00, 0x13, 0x00, 0x00, 0x00,
  0x00, 0x00, 0x00, 0x02, 0xd8, 0x02, 0x00, 0x00, 0xec, 0xec, 0xff, 0xff,
  0x08, 0x00, 0x00, 0x00, 0x0c, 0x01, 0x00, 0x00, 0x20, 0x00, 0x00, 0x00,
  0x00, 0x00, 0x00, 0x00, 0x00, 0x00, 0x00, 0x00, 0x00, 0x00, 0x00, 0x00,
  0x00, 0x00, 0x00, 0x00, 0x00, 0x00, 0x00, 0x00, 0x00, 0x00, 0x00, 0x00,
  0x00, 0x00, 0x00, 0x00, 0x00, 0x00, 0x00, 0x00, 0x00, 0x00, 0x00, 0x00,
  0x00, 0x00, 0x00, 0x00, 0x00, 0x00, 0x00, 0x00, 0x00, 0x00, 0x00, 0x00,
  0x00, 0x00, 0x00, 0x00, 0x00, 0x00, 0x00, 0x00, 0x00, 0x00, 0x00, 0x00,
  0x00, 0x00, 0x00, 0x00, 0x00, 0x00, 0x00, 0x00, 0x00, 0x00, 0x00, 0x00,
  0x00, 0x00, 0x00, 0x00, 0x00, 0x00, 0x00, 0x00, 0x00, 0x00, 0x00, 0x00,
  0x00, 0x00, 0x00, 0x00, 0x00, 0x00, 0x00, 0x00, 0x00, 0x00, 0x00, 0x00,
  0x00, 0x00, 0x00, 0x00, 0x00, 0x00, 0x00, 0x00, 0x00, 0x00, 0x00, 0x00,
  0x00, 0x00, 0x00, 0x00, 0x00, 0x00, 0x00, 0x00, 0x00, 0x00, 0x00, 0x00,
  0x00, 0x00, 0x00, 0x00, 0x00, 0x00, 0x00, 0x00, 0x00, 0x00, 0x00, 0x00,
  0x00, 0x00, 0x00, 0x00, 0x00, 0x00, 0x00, 0x00, 0x00, 0x00, 0x00, 0x00,
  0x00, 0x00, 0x00, 0x00, 0x00, 0x00, 0x00, 0x00, 0x00, 0x00, 0x00, 0x00,
  0x00, 0x00, 0x00, 0x00, 0x00, 0x00, 0x00, 0x00, 0x00, 0x00, 0x00, 0x00,
  0x00, 0x00, 0x00, 0x00, 0x00, 0x00, 0x00, 0x00, 0x00, 0x00, 0x00, 0x00,
  0x00, 0x00, 0x00, 0x00, 0x00, 0x00, 0x00, 0x00, 0x00, 0x00, 0x00, 0x00,
  0x00, 0x00, 0x00, 0x00, 0x00, 0x00, 0x00, 0x00, 0x00, 0x00, 0x00, 0x00,
  0x00, 0x00, 0x00, 0x00, 0x00, 0x00, 0x00, 0x00, 0x00, 0x00, 0x00, 0x00,
  0x00, 0x00, 0x00, 0x00, 0x00, 0x00, 0x00, 0x00, 0x00, 0x00, 0x00, 0x00,
  0x00, 0x00, 0x00, 0x00, 0x00, 0x00, 0x00, 0x00, 0x00, 0x00, 0x00, 0x00,
  0x00, 0x00, 0x00, 0x00, 0x00, 0x00, 0x00, 0x00, 0x00, 0x00, 0x00, 0x00,
  0x00, 0x00, 0x00, 0x00, 0x00, 0x00, 0x00, 0x00, 0x20, 0x00, 0x00, 0x00,
  0x51, 0xb3, 0xd5, 0x39, 0x44, 0x8c, 0xd4, 0x39, 0x83, 0xd8, 0xbe, 0x39,
  0x4f, 0x60, 0xec, 0x39, 0x59, 0x07, 0x16, 0x3a, 0x62, 0x8d, 0xba, 0x39,
  0x3d, 0x24, 0x02, 0x3a, 0xa0, 0xe3, 0xbf, 0x39, 0xe9, 0x55, 0xa8, 0x39,
  0xb9, 0x27, 0xb4, 0x39, 0x53, 0x77, 0xb8, 0x39, 0x9e, 0xcb, 0x12, 0x3a,
  0x22, 0x0f, 0x08, 0x3a, 0x92, 0xa9, 0xf0, 0x39, 0x17, 0x24, 0xd3, 0x39,
  0x76, 0x9e, 0xd7, 0x39, 0x5f, 0x44, 0xd2, 0x39, 0x99, 0x14, 0x01, 0x3a,
  0xdd, 0xf6, 0x23, 0x3a, 0x5e, 0xc9, 0xac, 0x39, 0x36, 0x61, 0xb7, 0x39,
  0xf7, 0x74, 0xa9, 0x39, 0x5e, 0xcb, 0xe4, 0x39, 0x8f, 0x50, 0xc0, 0x39,
  0xb5, 0xf6, 0xa4, 0x39, 0x84, 0x37, 0x0b, 0x3a, 0x1f, 0x6a, 0x13, 0x3a,
  0xe5, 0xcd, 0xac, 0x39, 0xbf, 0x3a, 0xcf, 0x39, 0x41, 0x53, 0xea, 0x39,
  0x15, 0xf5, 0xad, 0x39, 0x84, 0x4c, 0xb1, 0x39, 0x36, 0x01, 0x00, 0x00,
  0x77, 0x61, 0x6e, 0x64, 0x5f, 0x63, 0x6e, 0x6e, 0x5f, 0x31, 0x2f, 0x72,
  0x65, 0x5f, 0x6c, 0x75, 0x5f, 0x31, 0x5f, 0x32, 0x2f, 0x52, 0x65, 0x6c,
  0x75, 0x3b, 0x77, 0x61, 0x6e, 0x64, 0x5f, 0x63, 0x6e, 0x6e, 0x5f, 0x31,
  0x2f, 0x62, 0x61, 0x74, 0x63, 0x68, 0x5f, 0x6e, 0x6f, 0x72, 0x6d, 0x61,
  0x6c, 0x69, 0x7a, 0x61, 0x74, 0x69, 0x6f, 0x6e, 0x5f, 0x31, 0x5f, 0x32,
  0x2f, 0x62, 0x61, 0x74, 0x63, 0x68, 0x6e, 0x6f, 0x72, 0x6d, 0x2f, 0x61,
  0x64, 0x64, 0x5f, 0x31, 0x3b, 0x77, 0x61, 0x6e, 0x64, 0x5f, 0x63, 0x6e,
  0x6e, 0x5f, 0x31, 0x2f, 0x73, 0x65, 0x70, 0x61, 0x72, 0x61, 0x62, 0x6c,
  0x65, 0x5f, 0x63, 0x6f, 0x6e, 0x76, 0x31, 0x64, 0x5f, 0x31, 0x2f, 0x53,
  0x71, 0x75, 0x65, 0x65, 0x7a, 0x65, 0x3b, 0x77, 0x61, 0x6e, 0x64, 0x5f,
  0x63, 0x6e, 0x6e, 0x5f, 0x31, 0x2f, 0x62, 0x61, 0x74, 0x63, 0x68, 0x5f,
  0x6e, 0x6f, 0x72, 0x6d, 0x61, 0x6c, 0x69, 0x7a, 0x61, 0x74, 0x69, 0x6f,
  0x6e, 0x5f, 0x31, 0x5f, 0x32, 0x2f, 0x62, 0x61, 0x74, 0x63, 0x68, 0x6e,
  0x6f, 0x72, 0x6d, 0x2f, 0x6d, 0x75, 0x6c, 0x5f, 0x31, 0x3b, 0x77, 0x61,
  0x6e, 0x64, 0x5f, 0x63, 0x6e, 0x6e, 0x5f, 0x31, 0x2f, 0x62, 0x61, 0x74,
  0x63, 0x68, 0x5f, 0x6e, 0x6f, 0x72, 0x6d, 0x61, 0x6c, 0x69, 0x7a, 0x61,
  0x74, 0x69, 0x6f, 0x6e, 0x5f, 0x31, 0x5f, 0x32, 0x2f, 0x62, 0x61, 0x74,
  0x63, 0x68, 0x6e, 0x6f, 0x72, 0x6d, 0x2f, 0x6d, 0x75, 0x6c, 0x3b, 0x77,
  0x61, 0x6e, 0x64, 0x5f, 0x63, 0x6e, 0x6e, 0x5f, 0x31, 0x2f, 0x62, 0x61,
  0x74, 0x63, 0x68, 0x5f, 0x6e, 0x6f, 0x72, 0x6d, 0x61, 0x6c, 0x69, 0x7a,
  0x61, 0x74, 0x69, 0x6f, 0x6e, 0x5f, 0x31, 0x5f, 0x32, 0x2f, 0x62, 0x61,
  0x74, 0x63, 0x68, 0x6e, 0x6f, 0x72, 0x6d, 0x2f, 0x73, 0x75, 0x62, 0x3b,
  0x77, 0x61, 0x6e, 0x64, 0x5f, 0x63, 0x6e, 0x6e, 0x5f, 0x31, 0x2f, 0x73,
  0x65, 0x70, 0x61, 0x72, 0x61, 0x62, 0x6c, 0x65, 0x5f, 0x63, 0x6f, 0x6e,
  0x76, 0x31, 0x64, 0x5f, 0x31, 0x2f, 0x73, 0x65, 0x70, 0x61, 0x72, 0x61,
  0x62, 0x6c, 0x65, 0x5f, 0x63, 0x6f, 0x6e, 0x76, 0x32, 0x64, 0x00, 0x00,
  0x01, 0x00, 0x00, 0x00, 0x20, 0x00, 0x00, 0x00, 0x00, 0x00, 0x16, 0x00,
  0x1e, 0x00, 0x18, 0x00, 0x17, 0x00, 0x10, 0x00, 0x0c, 0x00, 0x08, 0x00,
  0x00, 0x00, 0x00, 0x00, 0x00, 0x00, 0x07, 0x00, 0x16, 0x00, 0x00, 0x00,
  0x00, 0x00, 0x00, 0x01, 0x28, 0x00, 0x00, 0x00, 0xc0, 0x01, 0x00, 0x00,
  0x12, 0x00, 0x00, 0x00, 0x00, 0x00, 0x00, 0x09, 0xf4, 0x01, 0x00, 0x00,
  0x00, 0x00, 0x12, 0x00, 0x10, 0x00, 0x00, 0x00, 0x00, 0x00, 0x0c, 0x00,
  0x08, 0x00, 0x00, 0x00, 0x00, 0x00, 0x04, 0x00, 0x12, 0x00, 0x00, 0x00,
  0x03, 0x00, 0x00, 0x00, 0x08, 0x00, 0x00, 0x00, 0x0c, 0x01, 0x00, 0x00,
  0x20, 0x00, 0x00, 0x00, 0x00, 0x00, 0x00, 0x00, 0x00, 0x00, 0x00, 0x00,
  0x00, 0x00, 0x00, 0x00, 0x00, 0x00, 0x00, 0x00, 0x00, 0x00, 0x00, 0x00,
  0x00, 0x00, 0x00, 0x00, 0x00, 0x00, 0x00, 0x00, 0x00, 0x00, 0x00, 0x00,
  0x00, 0x00, 0x00, 0x00, 0x00, 0x00, 0x00, 0x00, 0x00, 0x00, 0x00, 0x00,
  0x00, 0x00, 0x00, 0x00, 0x00, 0x00, 0x00, 0x00, 0x00, 0x00, 0x00, 0x00,
  0x00, 0x00, 0x00, 0x00, 0x00, 0x00, 0x00, 0x00, 0x00, 0x00, 0x00, 0x00,
  0x00, 0x00, 0x00, 0x00, 0x00, 0x00, 0x00, 0x00, 0x00, 0x00, 0x00, 0x00,
  0x00, 0x00, 0x00, 0x00, 0x00, 0x00, 0x00, 0x00, 0x00, 0x00, 0x00, 0x00,
  0x00, 0x00, 0x00, 0x00, 0x00, 0x00, 0x00, 0x00, 0x00, 0x00, 0x00, 0x00,
  0x00, 0x00, 0x00, 0x00, 0x00, 0x00, 0x00, 0x00, 0x00, 0x00, 0x00, 0x00,
  0x00, 0x00, 0x00, 0x00, 0x00, 0x00, 0x00, 0x00, 0x00, 0x00, 0x00, 0x00,
  0x00, 0x00, 0x00, 0x00, 0x00, 0x00, 0x00, 0x00, 0x00, 0x00, 0x00, 0x00,
  0x00, 0x00, 0x00, 0x00, 0x00, 0x00, 0x00, 0x00, 0x00, 0x00, 0x00, 0x00,
  0x00, 0x00, 0x00, 0x00, 0x00, 0x00, 0x00, 0x00, 0x00, 0x00, 0x00, 0x00,
  0x00, 0x00, 0x00, 0x00, 0x00, 0x00, 0x00, 0x00, 0x00, 0x00, 0x00, 0x00,
  0x00, 0x00, 0x00, 0x00, 0x00, 0x00, 0x00, 0x00, 0x00, 0x00, 0x00, 0x00,
  0x00, 0x00, 0x00, 0x00, 0x00, 0x00, 0x00, 0x00, 0x00, 0x00, 0x00, 0x00,
  0x00, 0x00, 0x00, 0x00, 0x00, 0x00, 0x00, 0x00, 0x00, 0x00, 0x00, 0x00,
  0x00, 0x00, 0x00, 0x00, 0x00, 0x00, 0x00, 0x00, 0x00, 0x00, 0x00, 0x00,
  0x00, 0x00, 0x00, 0x00, 0x00, 0x00, 0x00, 0x00, 0x00, 0x00, 0x00, 0x00,
  0x00, 0x00, 0x00, 0x00, 0x00, 0x00, 0x00, 0x00, 0x00, 0x00, 0x00, 0x00,
  0x00, 0x00, 0x00, 0x00, 0x00, 0x00, 0x00, 0x00, 0x00, 0x00, 0x00, 0x00,
  0x20, 0x00, 0x00, 0x00, 0x5f, 0xb4, 0xd2, 0x3a, 0x1c, 0x3a, 0x13, 0x3b,
  0x15, 0xb1, 0xd2, 0x3a, 0xbe, 0x9b, 0x03, 0x3b, 0xa8, 0xf7, 0x9a, 0x3a,
  0xd8, 0x5c, 0x88, 0x3a, 0x02, 0xb0, 0x0f, 0x3b, 0x69, 0xe0, 0xb1, 0x3a,
  0x31, 0x5c, 0xae, 0x3a, 0x7a, 0xf4, 0xd7, 0x3a, 0x58, 0x7b, 0x90, 0x3a,
  0xcf, 0x38, 0xd4, 0x3a, 0xc8, 0xbf, 0x00, 0x3b, 0x2c, 0x64, 0xb5, 0x3a,
  0xf1, 0x32, 0xa1, 0x3a, 0x69, 0xd0, 0xda, 0x3a, 0x56, 0x93, 0xb7, 0x3a,
  0xdb, 0x32, 0xb4, 0x3a, 0x44, 0x3d, 0xf5, 0x3a, 0x93, 0x16, 0x0b, 0x3b,
  0x25, 0x16, 0xb8, 0x3a, 0x9d, 0x1c, 0xa0, 0x3a, 0x2a, 0xa3, 0x01, 0x3b,
  0x32, 0xa3, 0x00, 0x3b, 0x9c, 0x47, 0xa2, 0x3a, 0x27, 0xf2, 0x02, 0x3b,
  0xb8, 0x20, 0xba, 0x3a, 0x11, 0x77, 0x0b, 0x3b, 0xdd, 0xab, 0xc3, 0x3a,
  0x11, 0x29, 0x16, 0x3b, 0x4a, 0xa3, 0xc1, 0x3a, 0x5a, 0x4f, 0xdb, 0x3a,
  0x3a, 0x00, 0x00, 0x00, 0x77, 0x61, 0x6e, 0x64, 0x5f, 0x63, 0x6e, 0x6e,
  0x5f, 0x31, 0x2f, 0x73, 0x65, 0x70, 0x61, 0x72, 0x61, 0x62, 0x6c, 0x65,
  0x5f, 0x63, 0x6f, 0x6e, 0x76, 0x31, 0x64, 0x5f, 0x31, 0x5f, 0x32, 0x2f,
  0x73, 0x65, 0x70, 0x61, 0x72, 0x61, 0x62, 0x6c, 0x65, 0x5f, 0x63, 0x6f,
  0x6e, 0x76, 0x32, 0x64, 0x2f, 0x64, 0x65, 0x70, 0x74, 0x68, 0x77, 0x69,
  0x73, 0x65, 0x00, 0x00, 0x04, 0x00, 0x00, 0x00, 0x01, 0x00, 0x00, 0x00,
  0x01, 0x00, 0x00, 0x00, 0x03, 0x00, 0x00, 0x00, 0x20, 0x00, 0x00, 0x00,
  0xba, 0xf2, 0xff, 0xff, 0x00, 0x00, 0x00, 0x01, 0x14, 0x00, 0x00, 0x00,
  0xa8, 0x01, 0x00, 0x00, 0x11, 0x00, 0x00, 0x00, 0x00, 0x00, 0x00, 0x02,
  0xb0, 0x01, 0x00, 0x00, 0x1c, 0xf2, 0xff, 0xff, 0x08, 0x00, 0x00, 0x00,
  0x0c, 0x01, 0x00, 0x00, 0x20, 0x00, 0x00, 0x00, 0x00, 0x00, 0x00, 0x00,
  0x00, 0x00, 0x00, 0x00, 0x00, 0x00, 0x00, 0x00, 0x00, 0x00, 0x00, 0x00,
  0x00, 0x00, 0x00, 0x00, 0x00, 0x00, 0x00, 0x00, 0x00, 0x00, 0x00, 0x00,
  0x00, 0x00, 0x00, 0x00, 0x00, 0x00, 0x00, 0x00, 0x00, 0x00, 0x00, 0x00,
  0x00, 0x00, 0x00, 0x00, 0x00, 0x00, 0x00, 0x00, 0x00, 0x00, 0x00, 0x00,
  0x00, 0x00, 0x00, 0x00, 0x00, 0x00, 0x00, 0x00, 0x00, 0x00, 0x00, 0x00,
  0x00, 0x00, 0x00, 0x00, 0x00, 0x00, 0x00, 0x00, 0x00, 0x00, 0x00, 0x00,
  0x00, 0x00, 0x00, 0x00, 0x00, 0x00, 0x00, 0x00, 0x00, 0x00, 0x00, 0x00,
  0x00, 0x00, 0x00, 0x00, 0x00, 0x00, 0x00, 0x00, 0x00, 0x00, 0x00, 0x00,
  0x00, 0x00, 0x00, 0x00, 0x00, 0x00, 0x00, 0x00, 0x00, 0x00, 0x00, 0x00,
  0x00, 0x00, 0x00, 0x00, 0x00, 0x00, 0x00, 0x00, 0x00, 0x00, 0x00, 0x00,
  0x00, 0x00, 0x00, 0x00, 0x00, 0x00, 0x00, 0x00, 0x00, 0x00, 0x00, 0x00,
  0x00, 0x00, 0x00, 0x00, 0x00, 0x00, 0x00, 0x00, 0x00, 0x00, 0x00, 0x00,
  0x00, 0x00, 0x00, 0x00, 0x00, 0x00, 0x00, 0x00, 0x00, 0x00, 0x00, 0x00,
  0x00, 0x00, 0x00, 0x00, 0x00, 0x00, 0x00, 0x00, 0x00, 0x00, 0x00, 0x00,
  0x00, 0x00, 0x00, 0x00, 0x00, 0x00, 0x00, 0x00, 0x00, 0x00, 0x00, 0x00,
  0x00, 0x00, 0x00, 0x00, 0x00, 0x00, 0x00, 0x00, 0x00, 0x00, 0x00, 0x00,
  0x00, 0x00, 0x00, 0x00, 0x00, 0x00, 0x00, 0x00, 0x00, 0x00, 0x00, 0x00,
  0x00, 0x00, 0x00, 0x00, 0x00, 0x00, 0x00, 0x00, 0x00, 0x00, 0x00, 0x00,
  0x00, 0x00, 0x00, 0x00, 0x00, 0x00, 0x00, 0x00, 0x00, 0x00, 0x00, 0x00,
  0x00, 0x00, 0x00, 0x00, 0x00, 0x00, 0x00, 0x00, 0x00, 0x00, 0x00, 0x00,
  0x00, 0x00, 0x00, 0x00, 0x00, 0x00, 0x00, 0x00, 0x00, 0x00, 0x00, 0x00,
  0x00, 0x00, 0x00, 0x00, 0x20, 0x00, 0x00, 0x00, 0xcf, 0xb7, 0x35, 0x38,
  0x2f, 0xf2, 0x7d, 0x38, 0xf9, 0xb4, 0x35, 0x38, 0x8f, 0x01, 0x63, 0x38,
  0x0a, 0xa6, 0x05, 0x38, 0xe3, 0x34, 0xeb, 0x37, 0x49, 0xd7, 0x77, 0x38,
  0xfb, 0x67, 0x19, 0x38, 0x9a, 0x5f, 0x16, 0x38, 0x02, 0x3f, 0x3a, 0x38,
  0x03, 0x36, 0xf9, 0x37, 0xcf, 0x06, 0x37, 0x38, 0x07, 0x13, 0x5e, 0x38,
  0xf6, 0x6f, 0x1c, 0x38, 0xdc, 0x05, 0x0b, 0x38, 0x3f, 0xb6, 0x3c, 0x38,
  0x33, 0x52, 0x1e, 0x38, 0xa5, 0x68, 0x1b, 0x38, 0x77, 0x80, 0x53, 0x38,
  0x60, 0xe8, 0x6f, 0x38, 0x04, 0xc3, 0x1e, 0x38, 0xd2, 0x15, 0x0a, 0x38,
  0x3b, 0x9b, 0x5f, 0x38, 0xb8, 0xe1, 0x5d, 0x38, 0x77, 0xf4, 0x0b, 0x38,
  0x0a, 0xdd, 0x61, 0x38, 0xb3, 0x85, 0x20, 0x38, 0xd0, 0x8e, 0x70, 0x38,
  0xbd, 0xc0, 0x28, 0x38, 0xbd, 0x80, 0x81, 0x38, 0xc8, 0xff, 0x26, 0x38,
  0xba, 0x23, 0x3d, 0x38, 0x0f, 0x00, 0x00, 0x00, 0x61, 0x72, 0x69, 0x74,
  0x68, 0x2e, 0x63, 0x6f, 0x6e, 0x73, 0x74, 0x61, 0x6e, 0x74, 0x31, 0x00,
  0x01, 0x00, 0x00, 0x00, 0x20, 0x00, 0x00, 0x00, 0x8a, 0xf4, 0xff, 0xff,
  0x00, 0x00, 0x00, 0x01, 0x14, 0x00, 0x00, 0x00, 0xa4, 0x01, 0x00, 0x00,
  0x10, 0x00, 0x00, 0x00, 0x00, 0x00, 0x00, 0x09, 0x5c, 0x02, 0x00, 0x00,
  0xec, 0xf3, 0xff, 0xff, 0x08, 0x00, 0x00, 0x00, 0x08, 0x01, 0x00, 0x00,
  0x20, 0x00, 0x00, 0x00, 0x00, 0x00, 0x00, 0x00, 0x00, 0x00, 0x00, 0x00,
  0x00, 0x00, 0x00, 0x00, 0x00, 0x00, 0x00, 0x00, 0x00, 0x00, 0x00, 0x00,
  0x00, 0x00, 0x00, 0x00, 0x00, 0x00, 0x00, 0x00, 0x00, 0x00, 0x00, 0x00,
  0x00, 0x00, 0x00, 0x00, 0x00, 0x00, 0x00, 0x00, 0x00, 0x00, 0x00, 0x00,
  0x00, 0x00, 0x00, 0x00, 0x00, 0x00, 0x00, 0x00, 0x00, 0x00, 0x00, 0x00,
  0x00, 0x00, 0x00, 0x00, 0x00, 0x00, 0x00, 0x00, 0x00, 0x00, 0x00, 0x00,
  0x00, 0x00, 0x00, 0x00, 0x00, 0x00, 0x00, 0x00, 0x00, 0x00, 0x00, 0x00,
  0x00, 0x00, 0x00, 0x00, 0x00, 0x00, 0x00, 0x00, 0x00, 0x00, 0x00, 0x00,
  0x00, 0x00, 0x00, 0x00, 0x00, 0x00, 0x00, 0x00, 0x00, 0x00, 0x00, 0x00,
  0x00, 0x00, 0x00, 0x00, 0x00, 0x00, 0x00, 0x00, 0x00, 0x00, 0x00, 0x00,
  0x00, 0x00, 0x00, 0x00, 0x00, 0x00, 0x00, 0x00, 0x00, 0x00, 0x00, 0x00,
  0x00, 0x00, 0x00, 0x00, 0x00, 0x00, 0x00, 0x00, 0x00, 0x00, 0x00, 0x00,
  0x00, 0x00, 0x00, 0x00, 0x00, 0x00, 0x00, 0x00, 0x00, 0x00, 0x00, 0x00,
  0x00, 0x00, 0x00, 0x00, 0x00, 0x00, 0x00, 0x00, 0x00, 0x00, 0x00, 0x00,
  0x00, 0x00, 0x00, 0x00, 0x00, 0x00, 0x00, 0x00, 0x00, 0x00, 0x00, 0x00,
  0x00, 0x00, 0x00, 0x00, 0x00, 0x00, 0x00, 0x00, 0x00, 0x00, 0x00, 0x00,
  0x00, 0x00, 0x00, 0x00, 0x00, 0x00, 0x00, 0x00, 0x00, 0x00, 0x00, 0x00,
  0x00, 0x00, 0x00, 0x00, 0x00, 0x00, 0x00, 0x00, 0x00, 0x00, 0x00, 0x00,
  0x00, 0x00, 0x00, 0x00, 0x00, 0x00, 0x00, 0x00, 0x00, 0x00, 0x00, 0x00,
  0x00, 0x00, 0x00, 0x00, 0x00, 0x00, 0x00, 0x00, 0x00, 0x00, 0x00, 0x00,
  0x00, 0x00, 0x00, 0x00, 0x00, 0x00, 0x00, 0x00, 0x00, 0x00, 0x00, 0x00,
  0x00, 0x00, 0x00, 0x00, 0x00, 0x00, 0x00, 0x00, 0x20, 0x00, 0x00, 0x00,
  0xb5, 0xf5, 0xc2, 0x3c, 0xa1, 0xae, 0xa0, 0x3c, 0x30, 0x6c, 0x7e, 0x3c,
  0xf2, 0x5d, 0xc2, 0x3c, 0xff, 0xf2, 0xa7, 0x3c, 0x70, 0xc5, 0xb2, 0x3c,
  0x04, 0x7b, 0xb0, 0x3c, 0x1d, 0xc9, 0x8e, 0x3c, 0x0d, 0x35, 0xd3, 0x3c,
  0x20, 0x1f, 0xc5, 0x3c, 0x5e, 0x7c, 0xa3, 0x3c, 0x9f, 0x77, 0x81, 0x3c,
  0x26, 0x03, 0xd9, 0x3c, 0x51, 0xe8, 0x8d, 0x3c, 0xd9, 0x60, 0x3e, 0x3c,
  0xd0, 0x9a, 0x8d, 0x3c, 0xfb, 0x85, 0x45, 0x3c, 0x8c, 0x7c, 0xb4, 0x3c,
  0x0c, 0x8f, 0xb5, 0x3c, 0x93, 0xad, 0xf8, 0x3c, 0x94, 0xa0, 0x71, 0x3c,
  0xd5, 0x47, 0xba, 0x3c, 0x21, 0x61, 0x8b, 0x3c, 0x2d, 0xfa, 0x68, 0x3c,
  0x86, 0x45, 0x95, 0x3c, 0x86, 0x5c, 0x96, 0x3c, 0x21, 0x83, 0x5e, 0x3c,
  0xcb, 0xb3, 0xeb, 0x3c, 0x82, 0x76, 0x95, 0x3c, 0x54, 0xc9, 0x8a, 0x3c,
  0xd1, 0x60, 0xd1, 0x3c, 0xd4, 0xd4, 0xa2, 0x3c, 0xbc, 0x00, 0x00, 0x00,
  0x77, 0x61, 0x6e, 0x64, 0x5f, 0x63, 0x6e, 0x6e, 0x5f, 0x31, 0x2f, 0x62,
  0x61, 0x74, 0x63, 0x68, 0x5f, 0x6e, 0x6f, 0x72, 0x6d, 0x61, 0x6c, 0x69,
  0x7a, 0x61, 0x74, 0x69, 0x6f, 0x6e, 0x5f, 0x32, 0x5f, 0x31, 0x2f, 0x62,
  0x61, 0x74, 0x63, 0x68, 0x6e, 0x6f, 0x72, 0x6d, 0x2f, 0x6d, 0x75, 0x6c,
  0x5f, 0x31, 0x3b, 0x77, 0x61, 0x6e, 0x64, 0x5f, 0x63, 0x6e, 0x6e, 0x5f,
  0x31, 0x2f, 0x73, 0x65, 0x70, 0x61, 0x72, 0x61, 0x62, 0x6c, 0x65, 0x5f,
  0x63, 0x6f, 0x6e, 0x76, 0x31, 0x64, 0x5f, 0x31, 0x5f, 0x32, 0x2f, 0x53,
  0x71, 0x75, 0x65, 0x65, 0x7a, 0x65, 0x3b, 0x77, 0x61, 0x6e, 0x64, 0x5f,
  0x63, 0x6e, 0x6e, 0x5f, 0x31, 0x2f, 0x62, 0x61, 0x74, 0x63, 0x68, 0x5f,
  0x6e, 0x6f, 0x72, 0x6d, 0x61, 0x6c, 0x69, 0x7a, 0x61, 0x74, 0x69, 0x6f,
  0x6e, 0x5f, 0x32, 0x5f, 0x31, 0x2f, 0x62, 0x61, 0x74, 0x63, 0x68, 0x6e,
  0x6f, 0x72, 0x6d, 0x2f, 0x6d, 0x75, 0x6c, 0x3b, 0x77, 0x61, 0x6e, 0x64,
  0x5f, 0x63, 0x6e, 0x6e, 0x5f, 0x31, 0x2f, 0x73, 0x65, 0x70, 0x61, 0x72,
  0x61, 0x62, 0x6c, 0x65, 0x5f, 0x63, 0x6f, 0x6e, 0x76, 0x31, 0x64, 0x5f,
  0x31, 0x5f, 0x32, 0x2f, 0x73, 0x65, 0x70, 0x61, 0x72, 0x61, 0x62, 0x6c,
  0x65, 0x5f, 0x63, 0x6f, 0x6e, 0x76, 0x32, 0x64, 0x00, 0x00, 0x00, 0x00,
  0x04, 0x00, 0x00, 0x00, 0x20, 0x00, 0x00, 0x00, 0x01, 0x00, 0x00, 0x00,
  0x01, 0x00, 0x00, 0x00, 0x20, 0x00, 0x00, 0x00, 0x12, 0xf7, 0xff, 0xff,
  0x00, 0x00, 0x00, 0x01, 0x14, 0x00, 0x00, 0x00, 0xa4, 0x01, 0x00, 0x00,
  0x0f, 0x00, 0x00, 0x00, 0x00, 0x00, 0x00, 0x02, 0xd8, 0x02, 0x00, 0x00,
  0x74, 0xf6, 0xff, 0xff, 0x08, 0x00, 0x00, 0x00, 0x08, 0x01, 0x00, 0x00,
  0x20, 0x00, 0x00, 0x00, 0x00, 0x00, 0x00, 0x00, 0x00, 0x00, 0x00, 0x00,
  0x00, 0x00, 0x00, 0x00, 0x00, 0x00, 0x00, 0x00, 0x00, 0x00, 0x00, 0x00,
  0x00, 0x00, 0x00, 0x00, 0x00, 0x00, 0x00, 0x00, 0x00, 0x00, 0x00, 0x00,
  0x00, 0x00, 0x00, 0x00, 0x00, 0x00, 0x00, 0x00, 0x00, 0x00, 0x00, 0x00,
  0x00, 0x00, 0x00, 0x00, 0x00, 0x00, 0x00, 0x00, 0x00, 0x00, 0x00, 0x00,
  0x00, 0x00, 0x00, 0x00, 0x00, 0x00, 0x00, 0x00, 0x00, 0x00, 0x00, 0x00,
  0x00, 0x00, 0x00, 0x00, 0x00, 0x00, 0x00, 0x00, 0x00, 0x00, 0x00, 0x00,
  0x00, 0x00, 0x00, 0x00, 0x00, 0x00, 0x00, 0x00, 0x00, 0x00, 0x00, 0x00,
  0x00, 0x00, 0x00, 0x00, 0x00, 0x00, 0x00, 0x00, 0x00, 0x00, 0x00, 0x00,
  0x00, 0x00, 0x00, 0x00, 0x00, 0x00, 0x00, 0x00, 0x00, 0x00, 0x00, 0x00,
  0x00, 0x00, 0x00, 0x00, 0x00, 0x00, 0x00, 0x00, 0x00, 0x00, 0x00, 0x00,
  0x00, 0x00, 0x00, 0x00, 0x00, 0x00, 0x00, 0x00, 0x00, 0x00, 0x00, 0x00,
  0x00, 0x00, 0x00, 0x00, 0x00, 0x00, 0x00, 0x00, 0x00, 0x00, 0x00, 0x00,
  0x00, 0x00, 0x00, 0x00, 0x00, 0x00, 0x00, 0x00, 0x00, 0x00, 0x00, 0x00,
  0x00, 0x00, 0x00, 0x00, 0x00, 0x00, 0x00, 0x00, 0x00, 0x00, 0x00, 0x00,
  0x00, 0x00, 0x00, 0x00, 0x00, 0x00, 0x00, 0x00, 0x00, 0x00, 0x00, 0x00,
  0x00, 0x00, 0x00, 0x00, 0x00, 0x00, 0x00, 0x00, 0x00, 0x00, 0x00, 0x00,
  0x00, 0x00, 0x00, 0x00, 0x00, 0x00, 0x00, 0x00, 0x00, 0x00, 0x00, 0x00,
  0x00, 0x00, 0x00, 0x00, 0x00, 0x00, 0x00, 0x00, 0x00, 0x00, 0x00, 0x00,
  0x00, 0x00, 0x00, 0x00, 0x00, 0x00, 0x00, 0x00, 0x00, 0x00, 0x00, 0x00,
  0x00, 0x00, 0x00, 0x00, 0x00, 0x00, 0x00, 0x00, 0x00, 0x00, 0x00, 0x00,
  0x00, 0x00, 0x00, 0x00, 0x00, 0x00, 0x00, 0x00, 0x20, 0x00, 0x00, 0x00,
  0x4d, 0x5c, 0xb8, 0x39, 0x4b, 0xf2, 0x97, 0x39, 0x31, 0x97, 0x70, 0x39,
  0xca, 0xcc, 0xb7, 0x39, 0x85, 0xd1, 0x9e, 0x39, 0x57, 0x0d, 0xa9, 0x39,
  0xcd, 0xe2, 0xa6, 0x39, 0xdb, 0x05, 0x87, 0x39, 0x84, 0xb9, 0xc7, 0x39,
  0xa2, 0x67, 0xba, 0x39, 0x02, 0x99, 0x9a, 0x39, 0x73, 0xdb, 0x74, 0x39,
  0xd2, 0x36, 0xcd, 0x39, 0x48, 0x31, 0x86, 0x39, 0x35, 0x07, 0x34, 0x39,
  0xfe, 0xe7, 0x85, 0x39, 0xe5, 0xc8, 0x3a, 0x39, 0x94, 0xac, 0xaa, 0x39,
  0x27, 0xb0, 0xab, 0x39, 0x88, 0x28, 0xeb, 0x39, 0xaa, 0x7d, 0x64, 0x39,
  0x39, 0x27, 0xb0, 0x39, 0x47, 0xcd, 0x83, 0x39, 0xa7, 0x4f, 0x5c, 0x39,
  0xff, 0x27, 0x8d, 0x39, 0xd4, 0x2f, 0x8e, 0x39, 0x41, 0x6a, 0x52, 0x39,
  0x58, 0xe3, 0xde, 0x39, 0x51, 0x56, 0x8d, 0x39, 0xbb, 0x3d, 0x83, 0x39,
  0xbd, 0xfe, 0xc5, 0x39, 0x94, 0xfa, 0x99, 0x39, 0x3a, 0x01, 0x00, 0x00,
  0x77, 0x61, 0x6e, 0x64, 0x5f, 0x63, 0x6e, 0x6e, 0x5f, 0x31, 0x2f, 0x72,
  0x65, 0x5f, 0x6c, 0x75, 0x5f, 0x32, 0x5f, 0x31, 0x2f, 0x52, 0x65, 0x6c,
  0x75, 0x3b, 0x77, 0x61, 0x6e, 0x64, 0x5f, 0x63, 0x6e, 0x6e, 0x5f, 0x31,
  0x2f, 0x62, 0x61, 0x74, 0x63, 0x68, 0x5f, 0x6e, 0x6f, 0x72, 0x6d, 0x61,
  0x6c, 0x69, 0x7a, 0x61, 0x74, 0x69, 0x6f, 0x6e, 0x5f, 0x32, 0x5f, 0x31,
  0x2f, 0x62, 0x61, 0x74, 0x63, 0x68, 0x6e, 0x6f, 0x72, 0x6d, 0x2f, 0x61,
  0x64, 0x64, 0x5f, 0x31, 0x3b, 0x77, 0x61, 0x6e, 0x64, 0x5f, 0x63, 0x6e,
  0x6e, 0x5f, 0x31, 0x2f, 0x73, 0x65, 0x70, 0x61, 0x72, 0x61, 0x62, 0x6c,
  0x65, 0x5f, 0x63, 0x6f, 0x6e, 0x76, 0x31, 0x64, 0x5f, 0x31, 0x5f, 0x32,
  0x2f, 0x53, 0x71, 0x75, 0x65, 0x65, 0x7a, 0x65, 0x3b, 0x77, 0x61, 0x6e,
  0x64, 0x5f, 0x63, 0x6e, 0x6e, 0x5f, 0x31, 0x2f, 0x62, 0x61, 0x74, 0x63,
  0x68, 0x5f, 0x6e, 0x6f, 0x72, 0x6d, 0x61, 0x6c, 0x69, 0x7a, 0x61, 0x74,
  0x69, 0x6f, 0x6e, 0x5f, 0x32, 0x5f, 0x31, 0x2f, 0x62, 0x61, 0x74, 0x63,
  0x68, 0x6e, 0x6f, 0x72, 0x6d, 0x2f, 0x6d, 0x75, 0x6c, 0x5f, 0x31, 0x3b,
  0x77, 0x61, 0x6e, 0x64, 0x5f, 0x63, 0x6e, 0x6e, 0x5f, 0x31, 0x2f, 0x62,
  0x61, 0x74, 0x63, 0x68, 0x5f, 0x6e, 0x6f, 0x72, 0x6d, 0x61, 0x6c, 0x69,
  0x7a, 0x61, 0x74, 0x69, 0x6f, 0x6e, 0x5f, 0x32, 0x5f, 0x31, 0x2f, 0x62,
  0x61, 0x74, 0x63, 0x68, 0x6e, 0x6f, 0x72, 0x6d, 0x2f, 0x6d, 0x75, 0x6c,
  0x3b, 0x77, 0x61, 0x6e, 0x64, 0x5f, 0x63, 0x6e, 0x6e, 0x5f, 0x31, 0x2f,
  0x62, 0x61, 0x74, 0x63, 0x68, 0x5f, 0x6e, 0x6f, 0x72, 0x6d, 0x61, 0x6c,
  0x69, 0x7a, 0x61, 0x74, 0x69, 0x6f, 0x6e, 0x5f, 0x32, 0x5f, 0x31, 0x2f,
  0x62, 0x61, 0x74, 0x63, 0x68, 0x6e, 0x6f, 0x72, 0x6d, 0x2f, 0x73, 0x75,
  0x62, 0x3b, 0x77, 0x61, 0x6e, 0x64, 0x5f, 0x63, 0x6e, 0x6e, 0x5f, 0x31,
  0x2f, 0x73, 0x65, 0x70, 0x61, 0x72, 0x61, 0x62, 0x6c, 0x65, 0x5f, 0x63,
  0x6f, 0x6e, 0x76, 0x31, 0x64, 0x5f, 0x31, 0x5f, 0x32, 0x2f, 0x73, 0x65,
  0x70, 0x61, 0x72, 0x61, 0x62, 0x6c, 0x65, 0x5f, 0x63, 0x6f, 0x6e, 0x76,
  0x32, 0x64, 0x00, 0x00, 0x01, 0x00, 0x00, 0x00, 0x20, 0x00, 0x00, 0x00,
  0x0a, 0xfa, 0xff, 0xff, 0x00, 0x00, 0x00, 0x01, 0x14, 0x00, 0x00, 0x00,
  0xe8, 0x00, 0x00, 0x00, 0x0e, 0x00, 0x00, 0x00, 0x00, 0x00, 0x00, 0x09,
  0xfc, 0x00, 0x00, 0x00, 0x6c, 0xf9, 0xff, 0xff, 0x08, 0x00, 0x00, 0x00,
  0x8c, 0x00, 0x00, 0x00, 0x10, 0x00, 0x00, 0x00, 0x00, 0x00, 0x00, 0x00,
  0x00, 0x00, 0x00, 0x00, 0x00, 0x00, 0x00, 0x00, 0x00, 0x00, 0x00, 0x00,
  0x00, 0x00, 0x00, 0x00, 0x00, 0x00, 0x00, 0x00, 0x00, 0x00, 0x00, 0x00,
  0x00, 0x00, 0x00, 0x00, 0x00, 0x00, 0x00, 0x00, 0x00, 0x00, 0x00, 0x00,
  0x00, 0x00, 0x00, 0x00, 0x00, 0x00, 0x00, 0x00, 0x00, 0x00, 0x00, 0x00,
  0x00, 0x00, 0x00, 0x00, 0x00, 0x00, 0x00, 0x00, 0x00, 0x00, 0x00, 0x00,
  0x00, 0x00, 0x00, 0x00, 0x00, 0x00, 0x00, 0x00, 0x00, 0x00, 0x00, 0x00,
  0x00, 0x00, 0x00, 0x00, 0x00, 0x00, 0x00, 0x00, 0x00, 0x00, 0x00, 0x00,
  0x00, 0x00, 0x00, 0x00, 0x00, 0x00, 0x00, 0x00, 0x00, 0x00, 0x00, 0x00,
  0x00, 0x00, 0x00, 0x00, 0x00, 0x00, 0x00, 0x00, 0x00, 0x00, 0x00, 0x00,
  0x00, 0x00, 0x00, 0x00, 0x00, 0x00, 0x00, 0x00, 0x00, 0x00, 0x00, 0x00,
  0x00, 0x00, 0x00, 0x00, 0x00, 0x00, 0x00, 0x00, 0x10, 0x00, 0x00, 0x00,
  0xa5, 0xf2, 0x0f, 0x3b, 0xf0, 0xc3, 0x0c, 0x3b, 0x08, 0x41, 0x27, 0x3b,
  0xc2, 0xa4, 0x0e, 0x3b, 0xc5, 0x02, 0x5d, 0x3b, 0xb9, 0xe9, 0x35, 0x3b,
  0x6b, 0x0f, 0x1a, 0x3b, 0x45, 0x76, 0x0e, 0x3b, 0x5d, 0x13, 0x44, 0x3b,
  0x2d, 0x11, 0xb7, 0x3a, 0x68, 0xde, 0x22, 0x3b, 0x69, 0x27, 0x31, 0x3b,
  0xfc, 0x53, 0x1e, 0x3b, 0xf8, 0xce, 0x07, 0x3b, 0xa9, 0x83, 0x0e, 0x3b,
  0x22, 0x38, 0x0f, 0x3b, 0x19, 0x00, 0x00, 0x00, 0x77, 0x61, 0x6e, 0x64,
  0x5f, 0x63, 0x6e, 0x6e, 0x5f, 0x31, 0x2f, 0x64, 0x65, 0x6e, 0x73, 0x65,
  0x5f, 0x31, 0x2f, 0x4d, 0x61, 0x74, 0x4d, 0x75, 0x6c, 0x00, 0x00, 0x00,
  0x02, 0x00, 0x00, 0x00, 0x10, 0x00, 0x00, 0x00, 0x00, 0x01, 0x00, 0x00,
  0x2a, 0xfb, 0xff, 0xff, 0x00, 0x00, 0x00, 0x01, 0x14, 0x00, 0x00, 0x00,
  0xe4, 0x00, 0x00, 0x00, 0x0d, 0x00, 0x00, 0x00, 0x00, 0x00, 0x00, 0x02,
  0x10, 0x01, 0x00, 0x00, 0x8c, 0xfa, 0xff, 0xff, 0x08, 0x00, 0x00, 0x00,
  0x88, 0x00, 0x00, 0x00, 0x10, 0x00, 0x00, 0x00, 0x00, 0x00, 0x00, 0x00,
  0x00, 0x00, 0x00, 0x00, 0x00, 0x00, 0x00, 0x00, 0x00, 0x00, 0x00, 0x00,
  0x00, 0x00, 0x00, 0x00, 0x00, 0x00, 0x00, 0x00, 0x00, 0x00, 0x00, 0x00,
  0x00, 0x00, 0x00, 0x00, 0x00, 0x00, 0x00, 0x00, 0x00, 0x00, 0x00, 0x00,
  0x00, 0x00, 0x00, 0x00, 0x00, 0x00, 0x00, 0x00, 0x00, 0x00, 0x00, 0x00,
  0x00, 0x00, 0x00, 0x00, 0x00, 0x00, 0x00, 0x00, 0x00, 0x00, 0x00, 0x00,
  0x00, 0x00, 0x00, 0x00, 0x00, 0x00, 0x00, 0x00, 0x00, 0x00, 0x00, 0x00,
  0x00, 0x00, 0x00, 0x00, 0x00, 0x00, 0x00, 0x00, 0x00, 0x00, 0x00, 0x00,
  0x00, 0x00, 0x00, 0x00, 0x00, 0x00, 0x00, 0x00, 0x00, 0x00, 0x00, 0x00,
  0x00, 0x00, 0x00, 0x00, 0x00, 0x00, 0x00, 0x00, 0x00, 0x00, 0x00, 0x00,
  0x00, 0x00, 0x00, 0x00, 0x00, 0x00, 0x00, 0x00, 0x00, 0x00, 0x00, 0x00,
  0x00, 0x00, 0x00, 0x00, 0x10, 0x00, 0x00, 0x00, 0x1b, 0x87, 0x63, 0x38,
  0x5b, 0x7f, 0x5e, 0x38, 0xde, 0x2e, 0x84, 0x38, 0x5b, 0x77, 0x61, 0x38,
  0xf3, 0xaa, 0xae, 0x38, 0xab, 0xc4, 0x8f, 0x38, 0xfd, 0x82, 0x73, 0x38,
  0xe0, 0x2d, 0x61, 0x38, 0x0f, 0xf6, 0x9a, 0x38, 0x2b, 0xae, 0x10, 0x38,
  0xa4, 0xb7, 0x80, 0x38, 0xd2, 0x01, 0x8c, 0x38, 0xee, 0x41, 0x7a, 0x38,
  0x97, 0xa9, 0x56, 0x38, 0x0a, 0x43, 0x61, 0x38, 0x4d, 0x60, 0x62, 0x38,
  0x32, 0x00, 0x00, 0x00, 0x77, 0x61, 0x6e, 0x64, 0x5f, 0x63, 0x6e, 0x6e,
  0x5f, 0x31, 0x2f, 0x64, 0x65, 0x6e, 0x73, 0x65, 0x5f, 0x31, 0x2f, 0x52,
  0x65, 0x6c, 0x75, 0x3b, 0x77, 0x61, 0x6e, 0x64, 0x5f, 0x63, 0x6e, 0x6e,
  0x5f, 0x31, 0x2f, 0x64, 0x65, 0x6e, 0x73, 0x65, 0x5f, 0x31, 0x2f, 0x42,
  0x69, 0x61, 0x73, 0x41, 0x64, 0x64, 0x00, 0x00, 0x01, 0x00, 0x00, 0x00,
  0x10, 0x00, 0x00, 0x00, 0x5a, 0xfc, 0xff, 0xff, 0x00, 0x00, 0x00, 0x01,
  0x14, 0x00, 0x00, 0x00, 0x70, 0x00, 0x00, 0x00, 0x0c, 0x00, 0x00, 0x00,
  0x00, 0x00, 0x00, 0x09, 0x84, 0x00, 0x00, 0x00, 0xbc, 0xfb, 0xff, 0xff,
  0x08, 0x00, 0x00, 0x00, 0x3c, 0x00, 0x00, 0x00, 0x06, 0x00, 0x00, 0x00,
  0x00, 0x00, 0x00, 0x00, 0x00, 0x00, 0x00, 0x00, 0x00, 0x00, 0x00, 0x00,
  0x00, 0x00, 0x00, 0x00, 0x00, 0x00, 0x00, 0x00, 0x00, 0x00, 0x00, 0x00,
  0x00, 0x00, 0x00, 0x00, 0x00, 0x00, 0x00, 0x00, 0x00, 0x00, 0x00, 0x00,
  0x00, 0x00, 0x00, 0x00, 0x00, 0x00, 0x00, 0x00, 0x00, 0x00, 0x00, 0x00,
  0x00, 0x00, 0x00, 0x00, 0x06, 0x00, 0x00, 0x00, 0xe4, 0x51, 0x57, 0x3b,
  0xc5, 0x2b, 0x96, 0x3b, 0xb4, 0x23, 0x92, 0x3b, 0x4b, 0x26, 0x67, 0x3b,
  0xaa, 0x92, 0x93, 0x3b, 0x39, 0x9c, 0x6e, 0x3b, 0x19, 0x00, 0x00, 0x00,
  0x77, 0x61, 0x6e, 0x64, 0x5f, 0x63, 0x6e, 0x6e, 0x5f, 0x31, 0x2f, 0x73,
  0x70, 0x65, 0x6c, 0x6c, 0x5f, 0x31, 0x2f, 0x4d, 0x61, 0x74, 0x4d, 0x75,
  0x6c, 0x00, 0x00, 0x00, 0x02, 0x00, 0x00, 0x00, 0x06, 0x00, 0x00, 0x00,
  0x10, 0x00, 0x00, 0x00, 0x02, 0xfd, 0xff, 0xff, 0x00, 0x00, 0x00, 0x01,
  0x14, 0x00, 0x00, 0x00, 0x6c, 0x00, 0x00, 0x00, 0x0b, 0x00, 0x00, 0x00,
  0x00, 0x00, 0x00, 0x02, 0x80, 0x00, 0x00, 0x00, 0x64, 0xfc, 0xff, 0xff,
  0x08, 0x00, 0x00, 0x00, 0x38, 0x00, 0x00, 0x00, 0x06, 0x00, 0x00, 0x00,
  0x00, 0x00, 0x00, 0x00, 0x00, 0x00, 0x00, 0x00, 0x00, 0x00, 0x00, 0x00,
  0x00, 0x00, 0x00, 0x00, 0x00, 0x00, 0x00, 0x00, 0x00, 0x00, 0x00, 0x00,
  0x00, 0x00, 0x00, 0x00, 0x00, 0x00, 0x00, 0x00, 0x00, 0x00, 0x00, 0x00,
  0x00, 0x00, 0x00, 0x00, 0x00, 0x00, 0x00, 0x00, 0x00, 0x00, 0x00, 0x00,
  0x06, 0x00, 0x00, 0x00, 0x04, 0x0a, 0xbf, 0x38, 0x9f, 0x3c, 0x05, 0x39,
  0xf0, 0xa8, 0x01, 0x39, 0x72, 0x15, 0xcd, 0x38, 0x84, 0xee, 0x02, 0x39,
  0x00, 0xb4, 0xd3, 0x38, 0x1a, 0x00, 0x00, 0x00, 0x77, 0x61, 0x6e, 0x64,
  0x5f, 0x63, 0x6e, 0x6e, 0x5f, 0x31, 0x2f, 0x73, 0x70, 0x65, 0x6c, 0x6c,
  0x5f, 0x31, 0x2f, 0x42, 0x69, 0x61, 0x73, 0x41, 0x64, 0x64, 0x00, 0x00,
  0x01, 0x00, 0x00, 0x00, 0x06, 0x00, 0x00, 0x00, 0xa2, 0xfd, 0xff, 0xff,
  0x00, 0x00, 0x00, 0x01, 0x14, 0x00, 0x00, 0x00, 0x14, 0x00, 0x00, 0x00,
  0x0a, 0x00, 0x00, 0x00, 0x00, 0x00, 0x00, 0x02, 0x34, 0x00, 0x00, 0x00,
  0x8c, 0xfd, 0xff, 0xff, 0x24, 0x00, 0x00, 0x00, 0x77, 0x61, 0x6e, 0x64,
  0x5f, 0x63, 0x6e, 0x6e, 0x5f, 0x31, 0x2f, 0x66, 0x6c, 0x61, 0x74, 0x74,
  0x65, 0x6e, 0x5f, 0x31, 0x2f, 0x52, 0x65, 0x73, 0x68, 0x61, 0x70, 0x65,
  0x2f, 0x73, 0x68, 0x61, 0x70, 0x65, 0x2f, 0x31, 0x00, 0x00, 0x00, 0x00,
  0x00, 0x00, 0x00, 0x00, 0xf2, 0xfd, 0xff, 0xff, 0x00, 0x00, 0x00, 0x01,
  0x14, 0x00, 0x00, 0x00, 0x14, 0x00, 0x00, 0x00, 0x04, 0x00, 0x00, 0x00,
  0x00, 0x00, 0x00, 0x02, 0x1c, 0x00, 0x00, 0x00, 0xdc, 0xfd, 0xff, 0xff,
  0x0f, 0x00, 0x00, 0x00, 0x61, 0x72, 0x69, 0x74, 0x68, 0x2e, 0x63, 0x6f,
  0x6e, 0x73, 0x74, 0x61, 0x6e, 0x74, 0x34, 0x00, 0x01, 0x00, 0x00, 0x00,
  0x01, 0x00, 0x00, 0x00, 0x2e, 0xfe, 0xff, 0xff, 0x00, 0x00, 0x00, 0x01,
  0x14, 0x00, 0x00, 0x00, 0x14, 0x00, 0x00, 0x00, 0x08, 0x00, 0x00, 0x00,
  0x00, 0x00, 0x00, 0x02, 0x38, 0x00, 0x00, 0x00, 0x18, 0xfe, 0xff, 0xff,
  0x28, 0x00, 0x00, 0x00, 0x77, 0x61, 0x6e, 0x64, 0x5f, 0x63, 0x6e, 0x6e,
  0x5f, 0x31, 0x2f, 0x66, 0x6c, 0x61, 0x74, 0x74, 0x65, 0x6e, 0x5f, 0x31,
  0x2f, 0x73, 0x74, 0x72, 0x69, 0x64, 0x65, 0x64, 0x5f, 0x73, 0x6c, 0x69,
  0x63, 0x65, 0x2f, 0x73, 0x74, 0x61, 0x63, 0x6b, 0x00, 0x00, 0x00, 0x00,
  0x01, 0x00, 0x00, 0x00, 0x01, 0x00, 0x00, 0x00, 0x86, 0xfe, 0xff, 0xff,
  0x00, 0x00, 0x00, 0x01, 0x14, 0x00, 0x00, 0x00, 0x14, 0x00, 0x00, 0x00,
  0x07, 0x00, 0x00, 0x00, 0x00, 0x00, 0x00, 0x02, 0x3c, 0x00, 0x00, 0x00,
  0x70, 0xfe, 0xff, 0xff, 0x2e, 0x00, 0x00, 0x00, 0x77, 0x61, 0x6e, 0x64,
  0x5f, 0x63, 0x6e, 0x6e, 0x5f, 0x31, 0x2f, 0x6d, 0x61, 0x78, 0x5f, 0x70,
  0x6f, 0x6f, 0x6c, 0x69, 0x6e, 0x67, 0x31, 0x64, 0x5f, 0x31, 0x5f, 0x32,
  0x2f, 0x4d, 0x61, 0x78, 0x50, 0x6f, 0x6f, 0x6c, 0x31, 0x64, 0x2f, 0x53,
  0x71, 0x75, 0x65, 0x65, 0x7a, 0x65, 0x00, 0x00, 0x01, 0x00, 0x00, 0x00,
  0x03, 0x00, 0x00, 0x00, 0xe2, 0xfe, 0xff, 0xff, 0x00, 0x00, 0x00, 0x01,
  0x14, 0x00, 0x00, 0x00, 0x14, 0x00, 0x00, 0x00, 0x06, 0x00, 0x00, 0x00,
  0x00, 0x00, 0x00, 0x02, 0x1c, 0x00, 0x00, 0x00, 0xcc, 0xfe, 0xff, 0xff,
  0x0e, 0x00, 0x00, 0x00, 0x61, 0x72, 0x69, 0x74, 0x68, 0x2e, 0x63, 0x6f,
  0x6e, 0x73, 0x74, 0x61, 0x6e, 0x74, 0x00, 0x00, 0x01, 0x00, 0x00, 0x00,
  0x03, 0x00, 0x00, 0x00, 0x1e, 0xff, 0xff, 0xff, 0x00, 0x00, 0x00, 0x01,
  0x14, 0x00, 0x00, 0x00, 0x14, 0x00, 0x00, 0x00, 0x05, 0x00, 0x00, 0x00,
  0x00, 0x00, 0x00, 0x02, 0x34, 0x00, 0x00, 0x00, 0x08, 0xff, 0xff, 0xff,
  0x25, 0x00, 0x00, 0x00, 0x77, 0x61, 0x6e, 0x64, 0x5f, 0x63, 0x6e, 0x6e,
  0x5f, 0x31, 0x2f, 0x73, 0x65, 0x70, 0x61, 0x72, 0x61, 0x62, 0x6c, 0x65,
  0x5f, 0x63, 0x6f, 0x6e, 0x76, 0x31, 0x64, 0x5f, 0x31, 0x2f, 0x53, 0x71,
  0x75, 0x65, 0x65, 0x7a, 0x65, 0x00, 0x00, 0x00, 0x01, 0x00, 0x00, 0x00,
  0x03, 0x00, 0x00, 0x00, 0x72, 0xff, 0xff, 0xff, 0x00, 0x00, 0x00, 0x01,
  0x14, 0x00, 0x00, 0x00, 0x14, 0x00, 0x00, 0x00, 0x04, 0x00, 0x00, 0x00,
  0x00, 0x00, 0x00, 0x02, 0x1c, 0x00, 0x00, 0x00, 0x5c, 0xff, 0xff, 0xff,
  0x0f, 0x00, 0x00, 0x00, 0x61, 0x72, 0x69, 0x74, 0x68, 0x2e, 0x63, 0x6f,
  0x6e, 0x73, 0x74, 0x61, 0x6e, 0x74, 0x33, 0x00, 0x00, 0x00, 0x00, 0x00,
  0xaa, 0xff, 0xff, 0xff, 0x00, 0x00, 0x00, 0x01, 0x14, 0x00, 0x00, 0x00,
  0x14, 0x00, 0x00, 0x00, 0x03, 0x00, 0x00, 0x00, 0x00, 0x00, 0x00, 0x02,
  0x34, 0x00, 0x00, 0x00, 0x94, 0xff, 0xff, 0xff, 0x27, 0x00, 0x00, 0x00,
  0x77, 0x61, 0x6e, 0x64, 0x5f, 0x63, 0x6e, 0x6e, 0x5f, 0x31, 0x2f, 0x63,
  0x6f, 0x6e, 0x76, 0x31, 0x64, 0x5f, 0x31, 0x2f, 0x63, 0x6f, 0x6e, 0x76,
  0x6f, 0x6c, 0x75, 0x74, 0x69, 0x6f, 0x6e, 0x2f, 0x53, 0x71, 0x75, 0x65,
  0x65, 0x7a, 0x65, 0x00, 0x01, 0x00, 0x00, 0x00, 0x03, 0x00, 0x00, 0x00,
  0x00, 0x00, 0x16, 0x00, 0x1c, 0x00, 0x18, 0x00, 0x17, 0x00, 0x10, 0x00,
  0x0c, 0x00, 0x08, 0x00, 0x00, 0x00, 0x00, 0x00, 0x00, 0x00, 0x07, 0x00,
  0x16, 0x00, 0x00, 0x00, 0x00, 0x00, 0x00, 0x01, 0x18, 0x00, 0x00, 0x00,
  0x18, 0x00, 0x00, 0x00, 0x02, 0x00, 0x00, 0x00, 0x00, 0x00, 0x00, 0x02,
  0x40, 0x00, 0x00, 0x00, 0x04, 0x00, 0x04, 0x00, 0x04, 0x00, 0x00, 0x00,
  0x2e, 0x00, 0x00, 0x00, 0x77, 0x61, 0x6e, 0x64, 0x5f, 0x63, 0x6e, 0x6e,
  0x5f, 0x31, 0x2f, 0x63, 0x6f, 0x6e, 0x76, 0x31, 0x64, 0x5f, 0x31, 0x2f,
  0x63, 0x6f, 0x6e, 0x76, 0x6f, 0x6c, 0x75, 0x74, 0x69, 0x6f, 0x6e, 0x2f,
  0x45, 0x78, 0x70, 0x61, 0x6e, 0x64, 0x44, 0x69, 0x6d, 0x73, 0x2f, 0x64,
  0x69, 0x6d, 0x00, 0x00, 0x00, 0x00, 0x00, 0x00, 0x00, 0x00, 0x16, 0x00,
  0x20, 0x00, 0x1c, 0x00, 0x1b, 0x00, 0x14, 0x00, 0x10, 0x00, 0x0c, 0x00,
  0x00, 0x00, 0x00, 0x00, 0x08, 0x00, 0x07, 0x00, 0x16, 0x00, 0x00, 0x00,
  0x00, 0x00, 0x00, 0x01, 0x18, 0x00, 0x00, 0x00, 0x30, 0x00, 0x00, 0x00,
  0x4c, 0x00, 0x00, 0x00, 0x01, 0x00, 0x00, 0x00, 0x00, 0x00, 0x00, 0x09,
  0x60, 0x00, 0x00, 0x00, 0x03, 0x00, 0x00, 0x00, 0xff, 0xff, 0xff, 0xff,
  0x40, 0x00, 0x00, 0x00, 0x0c, 0x00, 0x00, 0x00, 0x0c, 0x00, 0x0c, 0x00,
  0x00, 0x00, 0x00, 0x00, 0x08, 0x00, 0x04, 0x00, 0x0c, 0x00, 0x00, 0x00,
  0x08, 0x00, 0x00, 0x00, 0x10, 0x00, 0x00, 0x00, 0x01, 0x00, 0x00, 0x00,
  0xf5, 0xff, 0xff, 0xff, 0xff, 0xff, 0xff, 0xff, 0x01, 0x00, 0x00, 0x00,
  0x3a, 0xb8, 0xec, 0x3b, 0x19, 0x00, 0x00, 0x00, 0x73, 0x65, 0x72, 0x76,
  0x69, 0x6e, 0x67, 0x5f, 0x64, 0x65, 0x66, 0x61, 0x75, 0x6c, 0x74, 0x5f,
  0x67, 0x65, 0x73, 0x74, 0x75, 0x72, 0x65, 0x3a, 0x30, 0x00, 0x00, 0x00,
  0x03, 0x00, 0x00, 0x00, 0x01, 0x00, 0x00, 0x00, 0x40, 0x00, 0x00, 0x00,
  0x0c, 0x00, 0x00, 0x00, 0x0a, 0x00, 0x00, 0x00, 0xc0, 0x00, 0x00, 0x00,
  0xa0, 0x00, 0x00, 0x00, 0x84, 0x00, 0x00, 0x00, 0x70, 0x00, 0x00, 0x00,
  0x5c, 0x00, 0x00, 0x00, 0x4c, 0x00, 0x00, 0x00, 0x3c, 0x00, 0x00, 0x00,
  0x2c, 0x00, 0x00, 0x00, 0x18, 0x00, 0x00, 0x00, 0x04, 0x00, 0x00, 0x00,
  0x90, 0xff, 0xff, 0xff, 0x19, 0x00, 0x00, 0x00, 0x02, 0x00, 0x00, 0x00,
  0x00, 0x00, 0x00, 0x19, 0xa0, 0xff, 0xff, 0xff, 0x09, 0x00, 0x00, 0x00,
  0x04, 0x00, 0x00, 0x00, 0x00, 0x00, 0x00, 0x09, 0x94, 0xff, 0xff, 0xff,
  0x53, 0x00, 0x00, 0x00, 0x00, 0x00, 0x00, 0x53, 0xa0, 0xff, 0xff, 0xff,
  0x2d, 0x00, 0x00, 0x00, 0x00, 0x00, 0x00, 0x2d, 0xac, 0xff, 0xff, 0xff,
  0x4d, 0x00, 0x00, 0x00, 0x00, 0x00, 0x00, 0x4d, 0xd4, 0xff, 0xff, 0xff,
  0x11, 0x00, 0x00, 0x00, 0x02, 0x00, 0x00, 0x00, 0x00, 0x00, 0x00, 0x11,
  0xe4, 0xff, 0xff, 0xff, 0x04, 0x00, 0x00, 0x00, 0x03, 0x00, 0x00, 0x00,
  0x00, 0x00, 0x00, 0x04, 0xd8, 0xff, 0xff, 0xff, 0x16, 0x00, 0x00, 0x00,
  0x00, 0x00, 0x00, 0x16, 0x0c, 0x00, 0x10, 0x00, 0x0f, 0x00, 0x00, 0x00,
  0x08, 0x00, 0x04, 0x00, 0x0c, 0x00, 0x00, 0x00, 0x03, 0x00, 0x00, 0x00,
  0x03, 0x00, 0x00, 0x00, 0x00, 0x00, 0x00, 0x03, 0x0c, 0x00, 0x0c, 0x00,
  0x0b, 0x00, 0x00, 0x00, 0x00, 0x00, 0x04, 0x00, 0x0c, 0x00, 0x00, 0x00,
  0x46, 0x00, 0x00, 0x00, 0x00, 0x00, 0x00, 0x46,
};
const unsigned int g_wand_model_len = 22520;
